de;3872
que;2706
la;2688
y;2668
a;2654
el;2187
se;1692
su;1663
en;1633
un;1039
los;988
una;815
con;814
no;806
al;752
lo;703
para;662
había;658
por;637
félix;623
le;623
del;612
sus;554
las;546
pero;406
rafael;400
más;365
cuando;351
mirlo;348
estaba;299
es;297
era;257
hacia;257
dijo;257
él;253
ojos;245
hombre;238
sin;236
natalie;235
qué;228
todo;222
fue;220
hasta;218
me;218
ya;217
te;214
chico;206
bípolo;206
mano;205
mientras;201
comenzó;194
cabeza;190
sobre;183
dos;182
lado;168
preguntó;167
ese;164
como;163
shaleen;157
rostro;156
todos;151
mi;150
aún;148
voz;144
volvió;144
tan;144
chica;143
si;140
cómo;138
vez;138
ella;137
mia;137
esa;135
dio;133
noche;133
cuerpo;131
quedó;129
puerta;128
enorme;126
manos;124
suelo;119
algo;119
amigo;119
pat;117
cada;117
habían;116
tu;115
pequeño;111
hijo;110
hizo;108
ser;107
uno;107
allí;107
quien;107
miró;106
vio;105
saúl;105
seguía;104
sólo;103
ha;101
poco;99
nada;98
día;98
personas;98
pronto;97
nuevo;97
ver;96
atrás;96
mujer;96
interior;96
hollesley;96
vida;94
pequeña;93
aquí;93
miguel;92
yo;92
joven;91
podía;91
está;91
julián;91
años;90
ian;90
otro;89
después;89
frente;89
tenía;88
eso;88
antes;87
ellos;87
totalmente;87
mirada;86
ahora;85
entre;85
aquel;84
observó;84
he;83
otra;82
casa;82
lugar;82
padre;81
poder;81
david;79
gritó;79
muy;79
mismo;79
zachary;79
respondió;78
acercó;78
tras;77
mundo;75
momento;75
gran;74
demás;73
abrió;73
mente;73
también;71
ni;71
bien;70
tiempo;70
unos;69
aquella;69
hacer;69
maestro;69
chicos;68
este;67
esta;67
has;66
mirando;66
pudo;66
llegar;66
silencio;65
salió;65
así;65
lentamente;65
sonrisa;64
cara;63
hecho;63
delante;63
nos;62
segundos;62
sí;62
justo;61
tú;61
desde;59
cuenta;59
brazos;58
varios;58
sabía;58
aprendices;58
fuera;57
estaban;57
luz;57
pues;57
e;56
hacía;56
ambos;56
volver;56
alguien;55
mucho;55
madre;55
visto;55
escuchó;55
decir;54
sintió;54
donde;54
misma;54
éste;54
iba;53
pasos;53
vuelta;53
puede;53
levantó;53
saber;53
boca;52
mejor;52
persona;52
o;51
pasado;51
comenzaron;51
cerró;51
sido;50
salir;50
quala;50
todas;50
aire;49
quién;49
niño;49
dónde;49
nunca;49
colocó;49
os;49
verdad;48
debido;48
parte;48
siguió;48
jeanne;48
año;48
encontraba;48
cielo;47
dejó;47
sala;47
contra;47
maestros;46
sonrió;46
arriba;46
dolor;45
paso;45
piel;45
entonces;45
nadie;44
observando;44
observar;43
días;43
dicho;43
par;43
vamos;43
mesa;43
habitación;43
tal;43
tarde;42
tanto;42
poblado;42
agua;42
alcalde;42
nombre;41
parecía;40
historia;40
casi;40
rápidamente;40
fin;39
corazón;39
gente;39
edificio;39
hace;39
patrick;39
esto;38
sarah;38
vista;38
siempre;38
tres;38
dar;38
hablar;38
gulón;38
espalda;38
cayó;38
finalmente;38
poderes;38
cuadrilátero;37
quedaron;37
yport;37
menos;37
trataba;37
hija;37
lanzó;37
eran;36
final;36
cuarto;36
elevó;36
punto;35
luego;35
sentía;35
media;35
junto;35
alumnos;35
rato;35
mayor;34
camino;34
asintió;34
ir;34
roca;34
murmuró;34
julia;34
alan;34
intentó;33
escuchar;33
les;33
veces;33
hay;33
seguido;33
cogió;33
toda;33
estás;33
ruido;33
pulsera;33
nivel;33
han;32
gigante;32
pedro;32
sé;32
decidió;32
pueblo;32
piedra;32
pecho;32
Él;32
conseguido;32
encontró;31
lili;31
pasaron;31
metros;31
miraba;31
tiene;31
otros;31
labios;31
varias;31
calle;31
corrió;31
salón;31
hermana;30
baja;30
caer;30
volvieron;30
gracias;30
buscó;30
durante;30
llegó;30
pensó;30
porque;30
último;30
alguna;29
tienes;29
ira;29
detrás;29
cosas;29
jeff;29
estado;29
pregunta;29
quería;29
escaleras;29
favor;29
sentir;28
tengo;28
buscando;28
bajo;28
debía;28
abajo;28
asiento;28
podría;28
segundo;28
mirar;28
pelo;28
color;28
intentando;28
ésta;28
seguían;27
mañana;27
cuatro;27
fuego;27
hora;27
algún;27
entrenamiento;27
ocurrido;27
brazo;27
observaba;27
madera;27
golpe;27
oscuridad;27
palabras;27
contempló;27
esas;27
hablando;27
extraño;27
bajó;27
creer;26
vivienda;26
será;26
pasillo;26
estar;26
pies;26
puedo;26
pasó;26
bueno;26
combate;26
cama;25
son;25
lágrimas;25
pocos;25
vuelto;25
cerca;25
mar;25
amigos;25
primera;25
solo;25
buscar;24
dirección;24
luna;24
forma;24
enormes;24
candela;24
abrir;24
acto;24
mental;24
mis;24
figura;24
acabar;24
comenzaba;24
nosotros;24
fueron;24
reír;24
grandes;24
haber;23
esos;23
misión;23
controlar;23
ante;23
gritar;23
descubrió;23
confundido;23
clara;23
víctor;23
sangre;23
don;23
parar;23
entró;23
quiero;23
recorrió;23
encontraban;23
dejar;23
giró;22
creo;22
largo;22
rabia;22
hemos;22
jamás;22
siguieron;22
ocurrió;22
playa;22
creyó;22
andando;22
tus;22
jaén;22
llena;22
vehículo;22
quedado;22
bolsillo;22
salido;22
cinco;22
alauq;22
nariz;22
introdujo;22
horas;21
sonido;21
pasar;21
cerrados;21
mí;21
posición;21
hogar;21
hombro;21
esperando;21
contestó;21
directamente;21
entrar;21
puedes;21
josé;21
derecha;21
echó;21
colocando;21
fénix;21
coche;21
trabajo;21
palabra;20
noches;20
darle;20
corriendo;20
llevaba;20
control;20
sacó;20
silla;20
guardias;20
haciendo;20
acercarse;20
demonios;20
pie;20
propio;20
rubio;20
dedos;20
grupo;20
dentro;20
poner;20
apenas;20
salieron;20
muchos;20
centro;20
hermano;19
posible;19
ti;19
mío;19
eres;19
padres;19
escuchaba;19
sentido;19
documentos;19
garganta;19
niña;19
están;19
caja;19
vosotros;19
cerrar;19
cuello;19
mal;19
sería;19
luis;19
ellas;19
sabes;19
vueltas;19
muchas;19
alas;19
gesto;19
parece;19
ansoff;19
levantarse;19
llegado;19
comenzado;19
sitio;18
sol;18
pensando;18
puño;18
llave;18
preguntas;18
animal;18
va;18
seguir;18
miraron;18
velocidad;18
bosque;18
consiguió;18
gritos;18
párroco;18
ondas;18
podido;18
fuerte;18
visión;18
esfera;18
rubén;18
entender;18
mochila;18
martín;18
hacerlo;18
alfonso;18
exterior;18
estómago;18
frío;18
escena;18
concentró;18
nueva;18
realidad;18
pensar;18
última;18
rara;18
señor;18
situación;17
puso;17
papel;17
ojo;17
anterior;17
chicas;17
mitad;17
llamó;17
monstruo;17
creerlo;17
simplemente;17
dios;17
calor;17
voces;17
inglés;17
arma;17
llamas;17
estoy;17
aquellos;17
andar;17
demasiado;17
imagen;17
iglesia;17
dado;17
encuentro;17
supo;17
siento;17
unas;17
intentaba;17
moverse;17
familia;17
grito;17
clase;17
vistazo;17
temblar;16
hoy;16
cuanto;16
ayuda;16
dedo;16
voy;16
piedras;16
comprobar;16
plantas;16
convertido;16
estamos;16
tuvo;16
silueta;16
tenían;16
recorriendo;16
decirle;16
quieres;16
primer;16
ventana;16
respuesta;16
sosteniendo;16
movió;16
jóvenes;16
seguro;16
debes;16
sonriendo;16
lejos;16
fuente;16
acercaba;16
sonreía;16
sentó;16
capaz;16
tierra;16
ningún;16
conocía;15
atención;15
vuestro;15
cristal;15
destino;15
comprender;15
oídos;15
correr;15
cuerpos;15
papeles;15
paró;15
comenzar;15
alrededor;15
estuvo;15
pasaban;15
encontrar;15
golpeó;15
dientes;15
autobús;15
pidió;15
celda;15
pared;15
rápido;15
sintiendo;15
pensamientos;15
prosiguió;15
vecinos;15
daba;15
dinero;15
pájaro;15
planta;15
dando;15
extraña;15
vas;15
igual;14
beso;14
ninguno;14
futuro;14
además;14
sostuvo;14
aspecto;14
crear;14
dándole;14
superficie;14
sea;14
cuidado;14
dejado;14
cruz;14
aterrado;14
recordó;14
devolvía;14
súbito;14
llevado;14
torneo;14
primero;14
siguiente;14
hombres;14
tener;14
caras;14
recordar;14
vuelvo;14
marido;14
heridas;14
moviendo;14
curiosidad;14
árboles;14
cabo;14
meses;14
anciano;14
blanco;14
serio;14
muñeca;14
espejo;14
otras;14
fuerza;14
suerte;14
encima;14
proveniente;14
concentrarse;14
tez;14
evitar;14
mira;14
calles;14
piernas;14
ocurre;14
raro;14
karim;13
cualquier;13
dormir;13
completo;13
fabien;13
plan;13
sostenía;13
verlo;13
sorpresa;13
objeto;13
estatua;13
conseguir;13
ciudad;13
suficiente;13
ido;13
puñetazo;13
apareció;13
quiso;13
nervioso;13
oculto;13
llorar;13
muchacho;13
hubiera;13
darse;13
nuestra;13
buena;13
vieja;13
lleno;13
comida;13
baño;13
viendo;13
quedaba;13
siquiera;13
oportunidad;13
ponerse;13
cierto;13
movía;13
amiga;13
llevó;13
imposible;13
sentado;13
único;12
tantos;12
crees;12
maldito;12
viaje;12
decía;12
debajo;12
azrael;12
descubrir;12
herida;12
elevar;12
elevando;12
cuya;12
terror;12
rió;12
negó;12
diez;12
sofá;12
lanzando;12
salía;12
peligro;12
duelo;12
ascender;12
algunos;12
abrazo;12
pasando;12
energía;12
Ángel;12
agarró;12
fijamente;12
intentar;12
techo;12
caso;12
azul;12
contado;12
plaza;12
rugió;12
sammy;12
ninguna;11
soy;11
alzó;11
pasa;11
aquello;11
muchachos;11
escucharon;11
asustado;11
puesto;11
señal;11
preguntar;11
empezó;11
perdido;11
placer;11
disfrutar;11
cuyo;11
perder;11
cola;11
tendría;11
secreto;11
ropa;11
dime;11
visiones;11
acercaron;11
vuelve;11
acercándose;11
digo;11
preocupes;11
hicieron;11
acabado;11
esperó;11
estos;11
habéis;11
infierno;11
minutos;11
corría;11
altura;11
vino;11
busca;11
falta;11
recuerdo;11
abrieron;11
existe;11
distintas;11
tratar;11
reloj;11
amor;11
culpa;11
semana;11
ayer;11
botella;11
mejilla;11
descansaba;11
perdió;11
verano;11
repleto;11
dirigió;11
aprendiz;10
portón;10
conducido;10
felicidad;10
café;10
encontrado;10
maldita;10
extraños;10
entrado;10
prometió;10
arder;10
contemplar;10
condujo;10
conocer;10
cuándo;10
bajar;10
miedo;10
coger;10
contemplando;10
llama;10
tamaño;10
mejores;10
claridad;10
mamá;10
muerto;10
pobre;10
peldaños;10
despidió;10
permanecía;10
guardia;10
sorprendió;10
pareció;10
mandó;10
eterna;10
tremendo;10
libros;10
aires;10
parado;10
trato;10
trata;10
pudiera;10
lados;10
decenas;10
dejaron;10
humana;10
pequeñas;10
recordando;10
pistola;10
colocaron;10
vaso;10
vieron;10
tipo;10
cercano;10
estrellas;10
intensidad;10
bola;10
dice;10
rompió;10
levantaron;10
viene;10
blanca;10
ritmo;10
ganas;10
observado;10
cambiar;10
semanas;10
ascendió;10
verdadero;10
ahí;10
tenemos;10
miradas;10
buenas;10
propia;10
barbilla;10
podían;10
oír;10
grande;10
treinta;10
mentales;10
pensaba;10
hola;9
cofre;9
guerra;9
verde;9
dejando;9
pierna;9
recogió;9
sabéis;9
rojiza;9
lanzar;9
subió;9
salto;9
extendió;9
francés;9
niños;9
jaguar;9
morir;9
marcharse;9
bala;9
presión;9
escuchando;9
violentamente;9
soltó;9
realizar;9
pasaba;9
adentró;9
explicaré;9
iban;9
preparado;9
habitaciones;9
buen;9
repletos;9
miraban;9
existencia;9
izquierda;9
cabezas;9
rodeado;9
torres;9
anduvo;9
llamado;9
pueda;9
usar;9
colocado;9
vislumbrar;9
añadió;9
bar;9
ocultos;9
nudo;9
repletas;9
alto;9
mansión;9
poca;9
venido;9
tomando;9
temprano;9
miles;9
alcanzar;9
arte;9
volviera;9
idea;9
vibrar;9
nuestro;9
desaparecido;9
misiones;9
alegría;9
maleta;9
hacerse;9
empezado;9
poniendo;9
partes;9
oscuros;9
primeros;9
lago;9
español;9
descender;9
libro;9
selva;9
espaldas;9
llegaron;9
esfuerzo;9
horrorizado;9
ave;9
repleta;9
sonreír;9
tenido;9
pablo;9
mineral;9
sola;9
marcha;9
estación;9
cuento;9
movimiento;9
sorprendido;9
repetía;9
van;9
separó;8
sonriente;8
tren;8
nuevos;8
llevando;8
máscara;8
importancia;8
anne;8
cayeron;8
colocar;8
risas;8
entrada;8
tienen;8
cuestionó;8
cerebro;8
corriente;8
centena;8
adentrarse;8
diferente;8
rodillas;8
puños;8
suspiró;8
magia;8
tardó;8
contigo;8
potencial;8
dijeron;8
inconsciente;8
agradable;8
banco;8
muerte;8
preocupación;8
aplaudir;8
frase;8
viejo;8
solamente;8
ocurriendo;8
pulmones;8
llevo;8
principal;8
cien;8
alguno;8
encerrado;8
finalizó;8
conseguía;8
real;8
mismos;8
todavía;8
mover;8
horror;8
Éste;8
broma;8
señora;8
claro;8
querido;8
cogiendo;8
suyo;8
quedaban;8
hombros;8
bajando;8
vuestros;8
rostros;8
cartas;8
lágrima;8
armario;8
llamar;8
pareja;8
cansancio;8
cenar;8
veneno;8
cueva;8
ello;8
llevaban;8
esperaba;8
villa;8
alta;8
espera;8
través;8
azules;8
parroquia;8
necesito;8
acercara;8
seres;8
demonio;8
cocina;8
brisa;8
sacar;8
observaban;8
habría;8
llevar;8
colocarse;8
pequeños;8
líquido;8
hubo;8
duro;8
anduvieron;8
baltasar;8
contemplaba;8
hospital;8
hacerle;8
vestido;8
manera;8
gusta;8
moviéndose;8
recordaba;8
propios;8
mantenía;8
hilo;8
cambió;8
lanzaba;8
reía;8
habrá;8
recuperar;8
fuerzas;8
completamente;8
sentimientos;8
antoine;8
dije;8
entraron;8
desconocido;8
dieron;8
habitantes;8
mediante;7
única;7
nervios;7
sanguijuelas;7
faltaba;7
incluso;7
desaparecer;7
palma;7
ven;7
jardines;7
agentes;7
juro;7
cartón;7
allá;7
raros;7
siendo;7
pensado;7
viento;7
alado;7
propias;7
oído;7
asientos;7
lumbre;7
hablaban;7
lograr;7
observaron;7
nombres;7
prisionero;7
seriedad;7
error;7
recorrer;7
verdes;7
tranquilamente;7
loco;7
lugares;7
escuchado;7
veremos;7
podrá;7
terminar;7
lejano;7
golpear;7
panda;7
dejaba;7
total;7
vete;7
enfrente;7
salvar;7
comportamiento;7
dulce;7
halo;7
eh;7
mónica;7
misterioso;7
disparo;7
sois;7
pertenecía;7
tirado;7
dibujo;7
sueño;7
calma;7
llevarlo;7
kilómetros;7
trozo;7
hacían;7
descubierto;7
sombra;7
tocar;7
necesita;7
tendido;7
acariciar;7
colmillos;7
eco;7
suya;7
humano;7
llamada;7
extrañado;7
apretó;7
tomado;7
afilados;7
golpes;7
juguetes;7
difícil;7
contó;7
decidieron;7
leche;7
espero;7
volviendo;7
paz;7
poseía;7
sobresaltó;7
desprendía;7
escondido;7
alma;7
preparaos;7
estáis;7
dándose;7
profesor;7
movimientos;7
cuál;7
cura;7
viró;7
debemos;7
cansado;7
veía;7
llanto;7
quiere;7
diciendo;7
respiración;7
risa;7
protagonista;7
dirigía;7
diera;7
intentado;7
comprendió;7
sentados;7
descendió;7
esperar;7
limitó;7
vivir;7
caído;7
acercando;7
inmutarse;7
ruidos;7
abrigo;7
feliz;7
peligroso;7
fórmula;7
funcionar;7
obra;7
volvía;7
abierta;7
haga;7
quedando;7
hierba;7
vaya;7
rezaba;7
bolsillos;7
adelante;7
respirar;7
romper;6
sujetando;6
debe;6
práctica;6
ola;6
abrazó;6
rieron;6
caos;6
provocado;6
jugando;6
mucha;6
reiteradamente;6
rojizo;6
clases;6
tranquilidad;6
viera;6
subir;6
cometido;6
bromas;6
quitó;6
habilidades;6
esquina;6
preguntaba;6
salvo;6
tomar;6
ayudó;6
menuda;6
señas;6
amada;6
soportar;6
caminos;6
estiró;6
alejado;6
despertar;6
vacío;6
quemaduras;6
durmiendo;6
vayas;6
desayunar;6
trayecto;6
tantas;6
deberías;6
gritaba;6
escasos;6
hiciera;6
apartó;6
estanterías;6
saliendo;6
cruzó;6
quedarse;6
presentes;6
repente;6
razón;6
lluvia;6
encontraron;6
marchado;6
increíble;6
contrario;6
medio;6
ordenó;6
vagabundos;6
semejante;6
escorpión;6
limpio;6
cayendo;6
nuestros;6
aprendizaje;6
dibujos;6
despacho;6
siguiendo;6
cual;6
intención;6
platos;6
disponía;6
lecciones;6
cena;6
rota;6
habló;6
concentración;6
imaginó;6
batir;6
cariño;6
escapar;6
queréis;6
bonito;6
continuación;6
aparecer;6
haces;6
hiciste;6
chorro;6
pusieron;6
aumento;6
acantilado;6
inerte;6
malas;6
escalofrío;6
escoger;6
maestra;6
gota;6
aventura;6
podrás;6
saboreando;6
disparado;6
sensación;6
bestia;6
vale;6
quieto;6
descansar;6
oficina;6
pleno;6
contarte;6
corrían;6
trémula;6
arreglar;6
ocurra;6
acción;6
tejados;6
fuertes;6
respiró;6
negro;6
tendrá;6
lengua;6
llaves;6
sigue;6
asintieron;6
vencedor;6
pizarra;6
seis;6
aguijón;6
aprendido;6
portaba;6
orilla;6
naturaleza;6
dormitorio;6
verdadera;6
fácil;6
aquellas;6
hagas;6
sonrío;6
calmar;6
aprender;6
vivo;6
estruendo;6
susurró;6
saltar;6
concentrada;6
concentrado;6
televisión;6
escapaba;6
girar;6
permiso;6
señaló;6
mirándole;6
agachó;6
notario;6
vislumbró;6
caliente;6
proporcionado;6
odio;6
edificación;6
oh;6
usted;6
conocimiento;6
uñas;6
sendero;6
miro;6
saliera;6
relato;6
abrirse;6
agujero;6
absolutamente;6
animales;6
corrieron;6
creado;6
rojo;6
gafas;6
sonidos;6
echar;6
decena;6
instante;6
bajaron;6
dudas;6
distintos;6
señalando;6
tímida;5
asentir;5
movido;5
inocentes;5
rogó;5
victoria;5
vacaciones;5
debo;5
sorprendieron;5
entero;5
gustaba;5
encontramos;5
orgulloso;5
reírse;5
problemas;5
tuviera;5
principio;5
callaron;5
ofreció;5
paciencia;5
venir;5
observo;5
normalidad;5
habilidad;5
detuvo;5
perfectamente;5
luces;5
recorrido;5
tristeza;5
conoces;5
mirarse;5
entendió;5
apartar;5
rumores;5
imaginar;5
tonta;5
mirara;5
comenzando;5
nerviosamente;5
aplausos;5
escrito;5
genial;5
cállate;5
mismas;5
llamo;5
verla;5
vuestra;5
permaneció;5
suceso;5
tejado;5
salvaje;5
pocas;5
decidido;5
vi;5
infinito;5
salvado;5
impactó;5
hacerme;5
policía;5
mantequilla;5
clavó;5
da;5
agresor;5
despedirse;5
campo;5
queda;5
querías;5
barriga;5
irme;5
creciendo;5
incrédulo;5
cosa;5
apagó;5
quedar;5
francesa;5
espinas;5
recoger;5
sabían;5
volar;5
blanquecino;5
estas;5
convertirse;5
misteriosa;5
comer;5
farolas;5
verás;5
sáez;5
desapareció;5
separaban;5
crucifijo;5
siguientes;5
veinte;5
entendido;5
sitios;5
llenos;5
juego;5
parecer;5
imaginado;5
contarle;5
bolsa;5
leyendo;5
tranquilo;5
mármol;5
visita;5
olas;5
quedé;5
perplejo;5
rodeada;5
angustia;5
hipnotizado;5
yendo;5
desarrollar;5
héroe;5
preparó;5
dejaré;5
parecido;5
envuelta;5
hijos;5
colchón;5
resto;5
saludó;5
aceleró;5
asiente;5
conseguirlo;5
ganando;5
vemos;5
momentos;5
negar;5
idiomas;5
vuelo;5
provenía;5
viste;5
enseñado;5
somos;5
comienzo;5
duda;5
chillidos;5
venganza;5
cantidad;5
normandía;5
conoce;5
vagabundo;5
boquiabierto;5
olvidar;5
actividad;5
tercer;5
frenar;5
reacción;5
celestial;5
escabulló;5
u;5
bangor;5
edificios;5
pantalón;5
acabaría;5
polvo;5
paseando;5
anciana;5
vociferar;5
cogido;5
nube;5
carne;5
preocupado;5
restaurante;5
fui;5
pensarlo;5
ocurrir;5
centímetros;5
sábanas;5
ataques;5
callejón;5
instrucción;5
llegaba;5
quedara;5
cansada;5
brillaba;5
curiosas;5
topó;5
diablo;5
dura;5
balas;5
desconocía;5
estallar;5
cuarenta;5
flores;5
levantándose;5
copas;5
largamente;5
cortó;5
sufriendo;5
verte;5
paseaba;5
arrastrando;5
hambre;5
dirigían;5
descanso;5
mentis;5
ambas;5
reverencia;5
búsqueda;5
edad;5
dormido;5
ilusión;5
vital;5
leve;5
asesinato;5
haberse;5
enfrentarse;5
perdón;5
reaccionó;5
pulmón;5
salida;5
creó;5
sudor;5
temblando;5
escapó;5
público;5
participantes;5
afueras;5
viajó;5
devolvió;5
guardó;5
mantener;5
trató;5
alcohol;5
acostumbrado;5
guiñándole;5
creía;5
latir;5
continuó;5
hablado;5
decantó;5
llevaron;5
pitido;5
montón;5
aguantar;5
vivía;5
combates;5
raras;5
víctima;5
lámpara;4
cerrada;4
costado;4
arrodilló;4
tenéis;4
hablaba;4
aplaudieron;4
látigo;4
haya;4
menudo;4
plato;4
vais;4
formas;4
mujeres;4
agarrar;4
equipaje;4
bellos;4
salían;4
preparando;4
entera;4
haz;4
preguntarle;4
dolorido;4
vencedora;4
irse;4
ves;4
veo;4
arremeter;4
mismísimo;4
despertó;4
curioso;4
esbozando;4
logró;4
terminó;4
asesinar;4
recompensa;4
construido;4
relevancia;4
sale;4
gritando;4
carcajeaba;4
saliva;4
pedazos;4
costa;4
tsunami;4
dumont;4
múltiples;4
calmadamente;4
enmudeció;4
masa;4
ángel;4
invitado;4
pase;4
pico;4
nuevas;4
mala;4
impacto;4
ciencia;4
haría;4
debió;4
respecto;4
flotando;4
guau;4
asestó;4
desafiante;4
aburrido;4
necesitan;4
saltó;4
llamaban;4
agente;4
pensamiento;4
enrojecidos;4
embobamiento;4
puesta;4
antiguos;4
neblina;4
saludar;4
callado;4
palmadas;4
profundo;4
cualquiera;4
caracola;4
directo;4
importante;4
tuyo;4
gatillo;4
camiseta;4
conducía;4
máquina;4
familias;4
abrirla;4
parque;4
tocó;4
imbécil;4
diré;4
arremetió;4
carcajadas;4
camisa;4
ascendía;4
convirtió;4
pesadilla;4
posó;4
vidas;4
podemos;4
adiós;4
centímetro;4
abriendo;4
horribles;4
inmediatamente;4
asturias;4
frondoso;4
estabas;4
espectáculo;4
perfección;4
quemadura;4
graznido;4
empalagoso;4
alemán;4
desviar;4
atacó;4
negaba;4
zona;4
quienes;4
escondió;4
esperanza;4
aula;4
turno;4
comprado;4
tierno;4
decretar;4
incidente;4
esquivó;4
oscuro;4
justicia;4
seguid;4
convencido;4
creyeron;4
rodeaba;4
contar;4
siete;4
abiertos;4
pausadamente;4
desenvolverse;4
morena;4
adusto;4
estatura;4
flotar;4
ganado;4
idioma;4
callejuelas;4
decido;4
cuyos;4
equivocado;4
colores;4
huir;4
ve;4
acostarse;4
tía;4
pidiendo;4
tremenda;4
terrible;4
asco;4
Ésta;4
venga;4
papá;4
movían;4
cuervo;4
despertado;4
puñal;4
permitir;4
tranquila;4
proteger;4
repitió;4
disparó;4
enormemente;4
atacar;4
necesitaba;4
tampoco;4
avergonzado;4
luminosidad;4
caminando;4
limitaba;4
paraba;4
explicar;4
asustó;4
chilló;4
cerraron;4
húmeda;4
viajaba;4
haberlo;4
refería;4
rumbo;4
humedad;4
envuelto;4
presento;4
compañía;4
auténtica;4
mes;4
sollozar;4
carcajada;4
prioridad;4
cambiado;4
hubieran;4
supiera;4
segunda;4
antojo;4
mostró;4
afuera;4
doy;4
comprobó;4
número;4
pueden;4
fachada;4
árbol;4
encantado;4
carta;4
recorrían;4
ramas;4
clavarse;4
agachada;4
comienza;4
embrujo;4
pregunto;4
paisaje;4
existía;4
diablos;4
resistían;4
oro;4
apagar;4
fijo;4
gorro;4
corre;4
llegara;4
normal;4
tímidamente;4
tesoro;4
habitáculo;4
podrían;4
cumplir;4
hecha;4
impotencia;4
atravesó;4
éstas;4
carretera;4
olor;4
observándose;4
acompáñame;4
aprendiendo;4
sueños;4
barra;4
planeta;4
entiendo;4
escondida;4
viajar;4
círculo;4
amistad;4
profesores;4
ventanal;4
aparición;4
criatura;4
quince;4
minúscula;4
atmósfera;4
pudieran;4
gigantesco;4
gigantesca;4
bruja;4
alegremente;4
pánico;4
simple;4
dejaría;4
llamarada;4
mostrar;4
algunas;4
llevara;4
acompañó;4
garita;4
parecían;4
elisa;4
sino;4
mesas;4
petrificado;4
mayores;4
volveremos;4
ascendieron;4
retumbó;4
acariciando;4
mortal;4
conduciendo;4
propuesto;4
verlos;4
bizcochos;4
esfumó;4
bromeando;4
tuvieron;4
conmigo;4
deben;4
samantha;4
abismo;4
pasear;4
aparecido;4
detuvieron;4
actuar;4
bebé;4
seguramente;4
casas;4
ansias;4
bienvenida;4
julio;4
horizonte;4
frescor;4
newport;4
capaces;4
manteniendo;4
quinto;4
colocándose;4
escudriñó;4
desvió;4
ras;4
figuras;4
resplandecía;4
viviendas;4
individuo;4
sentarse;4
descansa;4
terreno;4
mágico;4
linterna;4
acompañado;4
oscuras;4
amigablemente;4
nudillos;4
buscaron;4
tengas;4
ganador;4
sábana;4
zancadas;4
rugido;4
aunque;4
golpeando;4
gusto;4
posibles;4
llegaría;4
veían;4
mirándolo;4
quedándose;4
dispuso;4
mejillas;4
sonoramente;4
murió;4
proyecto;4
consigo;4
iluminaban;4
convertirte;4
incrementar;4
barrotes;4
tacto;4
amenazante;4
trozos;4
largas;4
dibujada;4
estantería;4
brillo;4
fueran;4
diferentes;4
barba;4
provocando;4
sentadas;4
escuchaban;4
argentina;4
añiles;4
huido;4
deja;4
ciento;4
patada;4
mirarla;4
manivela;4
angelical;4
empujó;4
jugar;4
podréis;4
dejarla;4
empedrado;4
daño;4
despertador;4
piedad;4
entrenando;4
acercaban;4
inmortal;4
pesar;4
cerrando;4
perdía;4
andaba;4
superior;4
entiendes;4
hechos;4
multitud;4
partir;4
echando;4
mírame;4
respondo;4
poniéndose;4
escribir;4
cambiaría;4
antigua;4
adrenalina;4
increíbles;4
respuestas;4
míos;4
acabó;4
anulando;3
pulso;3
pelirrojo;3
frenético;3
viviría;3
rugir;3
recorría;3
facilidad;3
absoluto;3
absoluta;3
constante;3
remedio;3
estrechó;3
oponía;3
consentimiento;3
giraron;3
juraría;3
pesada;3
sujetó;3
hierro;3
digamos;3
provocaba;3
aturdido;3
blancas;3
manaba;3
encendido;3
estremeció;3
pasteles;3
antídoto;3
jungla;3
celos;3
enfurecido;3
costó;3
separaba;3
creen;3
pérdida;3
reconoció;3
palmo;3
llegaste;3
minuto;3
querer;3
veintena;3
brillante;3
viaja;3
podéis;3
jeanpaul;3
natural;3
gruñidos;3
caminar;3
falsos;3
almas;3
san;3
decirte;3
recordarían;3
temporada;3
breve;3
emociones;3
protegiendo;3
espectacular;3
torso;3
peor;3
acababa;3
hice;3
cruzaron;3
apretar;3
transparente;3
brutal;3
corto;3
matado;3
clavadas;3
malo;3
horrorizados;3
ayúdame;3
deseó;3
calmada;3
calmado;3
perplejos;3
esté;3
cerradura;3
ventaja;3
humedecido;3
darte;3
puñetazos;3
enemigos;3
deberíais;3
superiores;3
siguiera;3
enseñaré;3
niveles;3
comenzara;3
cuerda;3
océano;3
llantos;3
cruzar;3
echado;3
vendas;3
marrón;3
sobrino;3
recibió;3
aparato;3
pájaros;3
chocó;3
extrañas;3
petición;3
inhumano;3
indicar;3
rodeaban;3
lana;3
atenta;3
ayudando;3
noticias;3
murmuraba;3
españa;3
sur;3
poderlo;3
disparos;3
encontré;3
incorporarse;3
tartamudeante;3
experimentó;3
sabe;3
sociedad;3
especial;3
explicó;3
borde;3
doce;3
imaginación;3
resopló;3
tumbado;3
internaron;3
acordado;3
intenté;3
congregado;3
personaje;3
umbral;3
trampa;3
tapa;3
cojo;3
nocturnidad;3
finales;3
tosió;3
abiertamente;3
supuesto;3
tontamente;3
recordarle;3
trataban;3
descubrimiento;3
volverían;3
bajaban;3
muchísimo;3
aterrada;3
cuántos;3
asfalto;3
recibido;3
chef;3
preguntado;3
danzar;3
permanecían;3
estancia;3
continuar;3
según;3
medidas;3
orden;3
fogatas;3
consiguiendo;3
llamamos;3
secándose;3
quiénes;3
aprecio;3
cuartel;3
proclamar;3
arrugado;3
alojamiento;3
responder;3
mínima;3
depende;3
mueca;3
estuviera;3
médicos;3
cuantos;3
pantalla;3
imbéciles;3
impolutas;3
lleva;3
migraña;3
espesor;3
esbozaba;3
vitoreo;3
botes;3
marrones;3
muertas;3
cristalera;3
abiertas;3
terminara;3
estés;3
orgullo;3
conducidos;3
expectante;3
planeado;3
rodríguez;3
mella;3
sobrevivir;3
pelea;3
juró;3
septiembre;3
próximo;3
paseo;3
ocurría;3
suplicó;3
haberte;3
acontecimientos;3
ambiente;3
ronca;3
rodear;3
conocerse;3
acento;3
relucían;3
trapo;3
chillido;3
sagrado;3
alzar;3
fortuna;3
pronunciar;3
pedido;3
telequinesis;3
barco;3
sabemos;3
colorido;3
preparaba;3
ayudarle;3
tomó;3
viajado;3
esquivarlo;3
décadas;3
enmudecieron;3
aliento;3
impulso;3
alba;3
incoloro;3
punzante;3
recuerdos;3
aliviado;3
veloz;3
novela;3
bebió;3
felices;3
cabello;3
engañado;3
lanzado;3
serán;3
tened;3
abriera;3
invisible;3
suspiro;3
fiestas;3
prados;3
constantemente;3
mandos;3
elevaba;3
sillas;3
desprendió;3
inmensidad;3
rebeca;3
marca;3
nuestras;3
convertir;3
décimo;3
mayoría;3
leyenda;3
letrero;3
decían;3
expandirse;3
ladrón;3
sobrevivido;3
desvencijada;3
perdiendo;3
sapo;3
anularlo;3
espíritu;3
toma;3
montañas;3
faltaban;3
modo;3
abuelo;3
tercero;3
abuela;3
princesa;3
salvajes;3
muertos;3
presencia;3
trabajando;3
posibilidad;3
cima;3
limpiaba;3
mataré;3
perdidos;3
rapado;3
portando;3
mató;3
extrañada;3
horrible;3
decidí;3
experiencia;3
surgió;3
perderse;3
mintiendo;3
vuelva;3
ayudado;3
i;3
límite;3
cenizas;3
explicado;3
perseguidores;3
sexto;3
rastro;3
testamento;3
vistió;3
dolores;3
norte;3
concéntrate;3
aun;3
frotándose;3
olvida;3
llenas;3
tela;3
precioso;3
orgullosa;3
colocada;3
contaron;3
encantaba;3
estrategia;3
recuperándose;3
hubieras;3
corpulento;3
iré;3
extraordinario;3
bonita;3
historias;3
capilla;3
ratón;3
conforme;3
levantaba;3
frondosos;3
nacido;3
comisura;3
llaman;3
inglaterra;3
direcciones;3
destruido;3
haremos;3
debían;3
chasquear;3
sepulcral;3
edificaciones;3
escapara;3
contraataque;3
conversación;3
llegué;3
id;3
bello;3
desfigurado;3
anular;3
hacen;3
cerrarse;3
oculta;3
recinto;3
creímos;3
misterios;3
densa;3
recién;3
actuación;3
encanto;3
encanta;3
descomunal;3
bostezo;3
desayunado;3
armas;3
extendiendo;3
desprendido;3
pedía;3
mentes;3
esperaban;3
aterrados;3
unísono;3
torno;3
recuperado;3
actuando;3
brillantez;3
normas;3
emoción;3
callejones;3
soltar;3
gemelo;3
tranquilizarse;3
párpados;3
contaré;3
Érico;3
susto;3
trazado;3
trabajar;3
agujeros;3
soltando;3
vendría;3
comensales;3
arrancó;3
curar;3
encaminó;3
debería;3
llegarán;3
sistema;3
seco;3
supervivencia;3
pena;3
ventanas;3
anfibio;3
convertiría;3
golpeado;3
concentrarte;3
permanecer;3
ardía;3
impidió;3
usando;3
inmortalidad;3
investigación;3
individual;3
apoderándose;3
confianza;3
apuesta;3
sucedió;3
disparada;3
gas;3
ánimo;3
mueble;3
adentro;3
maleza;3
verme;3
encontrarse;3
llegaran;3
hoja;3
suave;3
amigas;3
shock;3
belleza;3
esperarlo;3
apagada;3
estallido;3
echándose;3
vacía;3
guiñó;3
vencer;3
mandato;3
instantes;3
peluche;3
rey;3
últimos;3
agudo;3
dirigirse;3
aparecieron;3
lección;3
creyendo;3
negra;3
médico;3
rodeando;3
llevan;3
dioses;3
segura;3
irnos;3
volverse;3
tazón;3
controla;3
recuperando;3
mariola;3
ganar;3
clavada;3
panadería;3
vena;3
locura;3
creemos;3
resultado;3
peligrosas;3
brillaban;3
enmudecido;3
comenzará;3
cuclillas;3
posarse;3
lanzarse;3
auxilio;3
rizado;3
monstruos;3
conmocionado;3
sótano;3
agradeció;3
preparar;3
exactamente;3
relacionado;3
desnudo;3
bostezando;3
lento;3
vigilando;3
pescadores;3
matar;3
resistencia;3
darme;3
encontrarlo;3
cambio;3
provenientes;3
lista;3
sonríe;3
mágica;3
torreones;3
movieron;3
perfecto;3
olvidado;3
desplazara;3
azúcar;3
espina;3
fuegos;3
esperas;3
existen;3
conducir;3
reales;3
laurens;3
solas;3
viva;3
observándolo;3
observándole;3
juntos;3
cayera;3
pobres;3
odiaba;3
introducir;3
levantara;3
enfermedad;3
fría;3
ordene;3
anda;3
compañeros;3
altar;3
volvían;3
desierto;3
alzando;3
gaviotas;3
alumbró;3
diversos;3
ronda;3
balanceando;3
volveré;3
maestras;3
controlando;3
denominaban;3
serpientes;3
añadir;3
escalones;3
pícara;3
deforme;3
enrabietado;3
asegurarse;3
poseído;3
raudamente;3
alaridos;3
reprodujo;3
creí;3
marítimo;3
embalaje;3
plástico;3
palmas;3
atentamente;3
lloraba;3
fantasma;3
contando;3
accedió;3
tanta;3
dices;3
arrodillarse;3
capacidad;3
suavemente;3
besos;3
existir;3
nublados;3
sufrimiento;3
pasionalmente;3
suaves;3
paralizado;3
imagina;3
nerviosismo;3
atrapó;3
cisne;3
buenos;3
repugnancia;3
gotas;3
huida;3
introducido;3
apoderarse;3
dejo;3
elevaron;3
molesto;3
seriamente;3
decisión;3
saberlo;3
desfiladero;3
tremendamente;3
fresco;3
atónito;3
costumbre;3
estirando;3
hogueras;3
dejarlo;3
controlarlo;3
crema;3
mandíbula;3
sucumbido;3
cubierta;3
estudiando;3
destrozada;3
inocente;3
insectos;3
billete;3
vislumbrando;3
jirones;3
preguntando;3
caía;3
acaso;3
problema;3
junio;3
desaparecieron;3
extrañeza;3
acumulada;3
ocho;3
caminó;3
iniciativa;3
taza;3
paraíso;3
dejas;3
cocinero;3
cautela;3
llorando;3
guiado;3
prometí;3
envolvió;3
trazando;3
colgaba;3
batallas;3
encendió;3
dejara;3
hacéis;3
siluetas;3
puertas;3
riendo;3
supera;3
trabajaba;3
conocido;3
prominente;3
sencillo;3
antiguo;3
falda;3
lanzaban;3
timbre;3
mandado;3
desconocida;3
alejándose;3
dulces;3
entraban;3
patas;3
profundamente;3
atentos;3
acabé;3
quietud;3
sentada;3
valentía;2
estrangulada;2
bañando;2
morritos;2
derrotado;2
migrañas;2
eléctrica;2
jurar;2
unir;2
niebla;2
posteriormente;2
temas;2
vivían;2
encaminaba;2
cálido;2
terriblemente;2
escalofríos;2
identificaba;2
sucesos;2
cerrado;2
demente;2
durmiera;2
funcionamiento;2
recuerdas;2
excepto;2
juventud;2
repetidamente;2
habíamos;2
quizás;2
chispas;2
rendición;2
descalzos;2
galopó;2
actuado;2
provenían;2
apagarse;2
necesitarás;2
hondo;2
levitando;2
bufanda;2
murmullo;2
aprendió;2
aventuró;2
pinos;2
agacho;2
imponente;2
cedro;2
estaría;2
actitud;2
titubeante;2
envueltos;2
acerca;2
aseguro;2
guía;2
memoria;2
indicó;2
letra;2
fatigado;2
rondar;2
formando;2
barbaridades;2
disimulaba;2
posee;2
vigilante;2
sillón;2
macabro;2
iluminaron;2
alterado;2
coronado;2
técnica;2
mía;2
colocarla;2
humanos;2
débil;2
pese;2
interruptor;2
peso;2
moderno;2
leer;2
irrumpió;2
abrazaba;2
camisón;2
logro;2
duros;2
sentimiento;2
concentraron;2
oso;2
destruir;2
avisó;2
pienso;2
piensa;2
encendidas;2
liderando;2
prendas;2
licor;2
micaela;2
tiras;2
acontecimiento;2
alcantarilla;2
colibrí;2
manga;2
refugiado;2
murmurar;2
hipnotizada;2
encantadora;2
televisor;2
salvarse;2
quitársela;2
informaron;2
sabréis;2
bellas;2
avanzó;2
divertirse;2
enemigo;2
convenció;2
acantilados;2
admirando;2
sal;2
zumo;2
resaca;2
engaño;2
quisieron;2
tristes;2
decís;2
seguidos;2
contemplarla;2
evitado;2
maestría;2
vertical;2
planes;2
sentando;2
celebrar;2
adultos;2
revolvió;2
cobijo;2
empezaron;2
droga;2
pucheros;2
hablarle;2
reaccionar;2
príncipe;2
reflejado;2
canciones;2
rompe;2
contactar;2
desmayado;2
supimos;2
botón;2
conocimos;2
favorita;2
gigantes;2
temeroso;2
besar;2
abandonado;2
tenuemente;2
largos;2
ah;2
perdí;2
pedir;2
parejas;2
uniendo;2
llegue;2
masculló;2
sonriera;2
asustaría;2
pendientes;2
rugía;2
estatuas;2
ubicación;2
atlántico;2
desagradable;2
vid;2
conocen;2
leyes;2
explosión;2
pronunciaba;2
podremos;2
quisiera;2
palpó;2
malogrado;2
navaja;2
clemencia;2
cuidando;2
tablones;2
ráfaga;2
tiempos;2
digas;2
intensas;2
escalera;2
perderlo;2
quitarse;2
sonreían;2
subiría;2
saludaba;2
encogió;2
arropado;2
despidiéndose;2
elevarse;2
descendía;2
hincó;2
viviendo;2
reaccionaba;2
charlando;2
paraban;2
proyectaba;2
asustada;2
provocadas;2
grabado;2
tendréis;2
pagar;2
ficción;2
tumbó;2
tonto;2
visionado;2
tropezó;2
conjunto;2
sacado;2
impactara;2
esquivando;2
interrumpió;2
acaba;2
proyectándose;2
echarle;2
lograrlo;2
mandar;2
antorchas;2
acerco;2
formarse;2
plantó;2
expandiendo;2
nerviosas;2
girara;2
seré;2
guiados;2
cogiera;2
inhumana;2
oírse;2
entraba;2
temor;2
ataque;2
ajeno;2
atento;2
ancladas;2
hipnotizante;2
cuantas;2
gastando;2
firme;2
caza;2
desplazado;2
llanura;2
kilómetro;2
supuso;2
londres;2
plantaciones;2
verle;2
ancas;2
loca;2
oyó;2
centenas;2
viajara;2
fortaleza;2
enrojecido;2
recordarlo;2
escoba;2
información;2
debí;2
arreglarlo;2
escupiendo;2
cuidada;2
hacerte;2
descansaban;2
sentándose;2
posicionado;2
superaba;2
falsa;2
corromperse;2
máximo;2
anotaciones;2
golpecitos;2
saludaban;2
tantísimo;2
cuentos;2
estático;2
atrevió;2
jolgorio;2
familiar;2
órdenes;2
cárcel;2
miel;2
surcó;2
vuelvas;2
embestida;2
lejana;2
responsabilidad;2
venció;2
desgraciados;2
asombrado;2
pisar;2
conocemos;2
acogedor;2
hedor;2
instintos;2
encontrara;2
impacientes;2
paul;2
finalizada;2
brotar;2
iluminando;2
déjame;2
volaba;2
espiritual;2
maravilla;2
conservado;2
interesaba;2
extendidos;2
mesita;2
coloco;2
esperaron;2
superioridad;2
apretando;2
expuestos;2
cobijarse;2
sujetado;2
hastío;2
muñeco;2
cuentan;2
espuma;2
darles;2
graciosa;2
gracioso;2
incordiar;2
exacto;2
pude;2
explotar;2
trabajara;2
gloria;2
estando;2
bicho;2
absorto;2
rendirse;2
riéndose;2
guardada;2
techumbre;2
deducir;2
arco;2
abalanzó;2
prenda;2
pascal;2
reflexionar;2
liberó;2
colocara;2
valor;2
violette;2
elevo;2
asignaturas;2
elegido;2
lejanía;2
protegerlos;2
atrapar;2
incorporó;2
acabando;2
equilibrio;2
resoplido;2
llenaron;2
criaturas;2
negaban;2
revólver;2
arreglarás;2
anoche;2
vigilar;2
grave;2
alumno;2
pieles;2
diccionario;2
cepillo;2
realizado;2
palmaditas;2
chimeneas;2
volvamos;2
apuntó;2
ardor;2
iluminada;2
estúpida;2
peinado;2
tono;2
condujeron;2
peligrosa;2
encogiéndose;2
gritarle;2
garras;2
recurso;2
despertara;2
huid;2
maya;2
conocieron;2
ustedes;2
líneas;2
hablara;2
familiares;2
quedo;2
dibujando;2
disculpó;2
personajes;2
descubrí;2
estirarse;2
robar;2
repugnante;2
célula;2
tumba;2
espesa;2
heló;2
científica;2
adecuadas;2
participan;2
devolvían;2
concentrándose;2
cargo;2
curso;2
quedan;2
manotazos;2
abrazar;2
tocado;2
incontrolable;2
arrugas;2
ataduras;2
contrincante;2
sabiduría;2
gales;2
regalo;2
revolvía;2
horroroso;2
mirándome;2
dejarte;2
convirtiéndose;2
osos;2
servirle;2
protegida;2
dejadme;2
básicamente;2
aulas;2
intensificarse;2
cejas;2
et;2
sorprendidos;2
doblar;2
lastimero;2
marina;2
camarero;2
volaban;2
vinculados;2
abeja;2
pomo;2
alcanzó;2
escupía;2
disputas;2
señalaba;2
sabÍas;2
cuyas;2
callados;2
imitando;2
only;2
inscripción;2
vienes;2
destapó;2
miseria;2
apoderó;2
culpable;2
gélidas;2
observa;2
matando;2
mutuamente;2
prenderse;2
carcajeándose;2
cuatros;2
seguida;2
distancia;2
afectado;2
palmada;2
negando;2
repetido;2
entendéis;2
intercambio;2
limpió;2
dormida;2
fruncido;2
escaso;2
cogiéndole;2
tipos;2
tirada;2
acabaran;2
sobrevolando;2
diría;2
comentarios;2
anulado;2
bilis;2
león;2
marchaba;2
embobado;2
cordura;2
tenga;2
artificiales;2
sobrevoló;2
cámaras;2
habla;2
arrastrarlo;2
regaló;2
baúl;2
calló;2
princesas;2
actos;2
amabilidad;2
juicio;2
ayudar;2
identidad;2
arena;2
lomo;2
arrastrándose;2
vecino;2
fríos;2
sabrás;2
eterno;2
estrelló;2
convencer;2
escucha;2
comiendo;2
asemejaba;2
deformado;2
respiraba;2
habías;2
putrefacta;2
tratara;2
sobrevolar;2
acordó;2
pasada;2
base;2
hacías;2
propiedad;2
desconocidas;2
cerveza;2
fijó;2
tomaron;2
rizos;2
situada;2
carcomida;2
instantáneamente;2
permanecido;2
dijera;2
celdas;2
serás;2
misterio;2
confundida;2
acabara;2
situado;2
atardecer;2
llevarlas;2
convierta;2
aparatos;2
probable;2
causó;2
arboleda;2
colgada;2
secreta;2
tardaría;2
cuánto;2
fantástico;2
mullido;2
mullida;2
caían;2
patadas;2
rogaba;2
viveza;2
ocupada;2
parís;2
sonrisas;2
marco;2
toparse;2
bolso;2
imaginaciones;2
parada;2
estudiar;2
desalmados;2
enjaulado;2
ruinas;2
folios;2
desprevenido;2
acumulaban;2
toques;2
descansando;2
esbozó;2
separarlos;2
contándole;2
jaula;2
alboroto;2
toneladas;2
preferido;2
quedamos;2
mantuvo;2
ganadores;2
persuasivo;2
estarías;2
escondía;2
desarrollándose;2
cartel;2
antierrática;2
descansado;2
bruces;2
pálida;2
pálido;2
decírselo;2
sonrojó;2
inesperada;2
miraras;2
pino;2
bosques;2
imaginaste;2
yemas;2
enseñaba;2
globo;2
sabría;2
usaba;2
vislumbraron;2
mareo;2
seguirle;2
desnuda;2
plenitud;2
maletero;2
esfumado;2
tragó;2
sobresaltaron;2
dejándose;2
omen;2
enviado;2
rechinar;2
cristales;2
horripilante;2
casualidad;2
ideales;2
hoguera;2
libre;2
intentamos;2
embargo;2
despedirlos;2
shh;2
envolvía;2
ansiado;2
golpeara;2
circunstancia;2
protegiera;2
flote;2
despierta;2
despierto;2
lienzos;2
vínculo;2
bigote;2
supongo;2
proyectando;2
cambiaba;2
fondo;2
mostrarle;2
habrías;2
pateaba;2
dais;2
imparte;2
época;2
altruista;2
carbón;2
enloqueciendo;2
motivo;2
producido;2
rendido;2
vitrinas;2
camilo;2
mudo;2
bofetada;2
airado;2
dame;2
internó;2
singulares;2
profundos;2
nublado;2
venía;2
abra;2
deplorable;2
silenciar;2
ejemplo;2
docena;2
auténtico;2
guapas;2
ayuntamiento;2
terminado;2
evitarlo;2
cernía;2
reflejo;2
estaré;2
esfuerzos;2
fábricas;2
preciosa;2
asestarle;2
gasolina;2
graciosos;2
sensibilidad;2
viejos;2
vitalidad;2
lanzándole;2
haciéndose;2
tropezando;2
alegre;2
posando;2
madrugada;2
clave;2
muere;2
imaginaba;2
hocico;2
mitigar;2
bailar;2
regalaron;2
irá;2
rapidez;2
rindo;2
vivido;2
anúlalo;2
abrid;2
peligrosamente;2
matéis;2
quise;2
dolía;2
alimento;2
quieren;2
debías;2
superhéroes;2
chupete;2
utensilios;2
líquidos;2
ocultaba;2
presentado;2
acercar;2
grupos;2
asesinado;2
lamentó;2
ajustó;2
cafetería;2
pitar;2
bella;2
diferencia;2
procuró;2
hincando;2
nicolai;2
comprendí;2
gustan;2
queríamos;2
pintando;2
impulsado;2
estudiantes;2
conté;2
reproduciéndose;2
alumbrar;2
aparece;2
gemelos;2
cosquillas;2
rodar;2
poderosa;2
acciones;2
convulsionando;2
menor;2
jarra;2
dé;2
ocupaban;2
significado;2
imagines;2
extraterrestres;2
disculpas;2
linternas;2
colocadas;2
zafarse;2
nerviosa;2
sinceró;2
franco;2
pasara;2
descubrieron;2
apareciera;2
empapado;2
atacado;2
señales;2
shake;2
toallas;2
cantarina;2
romperle;2
rodeados;2
tiernamente;2
sopa;2
chucherías;2
sacando;2
echarse;2
salvarlos;2
fija;2
hablaron;2
angustiada;2
aumentar;2
desconcentró;2
sean;2
brillantes;2
formular;2
pueblecito;2
digno;2
representaba;2
civilización;2
investigando;2
relájate;2
aterrador;2
seas;2
podrías;2
je;2
empezar;2
sucio;2
alejarse;2
partida;2
partido;2
sirven;2
comenzaran;2
mère;2
pronuncio;2
involuntaria;2
tendrían;2
supieron;2
espada;2
quitado;2
viven;2
provocó;2
mon;2
gestos;2
puntiagudas;2
besaba;2
echaron;2
manchas;2
aguante;2
agujas;2
contemplaron;2
vieran;2
trabajan;2
muchacha;2
sígueme;2
sacrificio;2
ducha;2
expresividad;2
aumentando;2
desesperada;2
generar;2
reflexionando;2
comentó;2
prisa;2
contagiosa;2
sobresaltara;2
bichejos;2
coloridas;2
bloqueó;2
dirás;2
pensamos;2
cuervos;2
serían;2
agazapado;2
brindado;2
cerrara;2
haré;2
aconsejó;2
experimentado;2
fantasmas;2
precipicio;2
desayuno;2
apertura;2
oreja;2
recuperara;2
lanzo;2
iremos;2
sesto;2
alumbrado;2
levantado;2
aldea;2
internaba;2
yacía;2
sucedido;2
quedaría;2
posados;2
cometiendo;2
aguardaba;2
dificultades;2
provocaron;2
decírtelo;2
done;2
sostenerse;2
conseguían;2
desprecio;2
podríais;2
apuestas;2
créeme;2
vine;2
presionó;2
trago;2
provocada;2
necesario;2
prometieron;2
lucha;2
produjo;2
completada;2
vano;2
furioso;2
convirtiendo;2
furia;2
escogió;2
derrumbando;2
místico;2
respeto;2
calibre;2
incendio;2
entusiasmo;2
haciéndole;2
agrietada;2
enhorabuena;2
enredaderas;2
pegó;2
zafó;2
vivas;2
giraran;2
inyectados;2
irte;2
adversario;2
toalla;2
enfermó;2
deseado;2
artrópodo;2
amantes;2
galletas;2
resultaba;2
privaba;2
conducirlo;2
pilló;2
reían;2
besarla;2
acompañas;2
tapaba;2
provocaban;2
prepararon;2
consideró;2
alarido;2
río;2
endiablada;2
señalándose;2
petrificada;2
descendieron;2
hostal;2
recuerda;2
concentraba;2
cerrándose;2
dulcemente;2
aguda;2
despedir;2
convertía;2
serviría;2
saca;2
agitarse;2
cesó;2
ceño;2
lamentable;2
enterarse;2
llevas;2
carmesí;2
terribles;2
incentivo;2
mil;2
pólvora;2
pastel;2
fijos;2
cruzado;2
contártelo;2
derecho;2
fecha;2
inferior;2
inmensa;2
portado;2
preocuparse;2
oscura;2
convertirlo;2
progreso;2
alejó;2
descontrolado;2
comunión;2
caverna;2
bañera;2
inspector;2
deber;2
abrirlos;2
desaliñado;2
contraatacó;2
prestaba;2
formuló;2
amenazaba;2
falsedad;2
enmudecida;2
tiró;2
introduciendo;2
cantando;2
frenó;2
comían;2
controladores;2
sollozaba;2
permitía;2
actuamos;2
latía;2
you;2
compañero;2
fenómeno;2
ceniza;2
vencido;2
curarle;2
vuestras;2
impaciente;2
huyendo;2
estrechas;2
espacial;2
decidir;2
tendiéndole;2
científicos;2
peores;2
visionando;2
electrizante;2
vasija;2
cañón;2
negros;2
hablan;2
intranquilo;2
grisáceo;2
consiguiera;2
tenebroso;2
abrazaron;2
amigable;2
asquerosa;2
entornando;2
perteneció;2
crujía;2
vertió;2
canto;2
origen;2
protegido;2
conquistar;2
larga;2
invitada;2
probar;2
infancia;2
amablemente;2
habrás;2
dará;2
daré;2
disparar;2
guapa;2
venas;2
cuerdas;2
tratado;2
concebir;2
recogiendo;2
posicionaron;2
metal;2
cafés;2
escritos;2
dejaremos;2
encendieron;2
índice;2
maletas;2
vivos;2
oportuno;2
reinante;2
decididos;2
levanto;2
capturar;2
lloró;2
gustaría;2
phare;2
límites;2
ardiendo;2
escúchame;2
explique;2
advirtió;2
cuadros;2
contesta;2
defenderse;2
triste;2
estuvieran;2
rosas;2
pasión;2
estuvieras;2
duele;2
aligeró;2
encuentra;2
agradecimiento;2
incendió;2
labio;2
sentiría;2
contaba;2
juguete;2
controló;2
colocados;2
relación;2
escueto;2
pinzas;2
mías;2
leves;2
salvarlo;2
lentos;2
acariciaba;2
esperándoles;2
estarán;2
atizar;2
dinosaurios;2
conductor;2
altas;2
detalle;2
valle;2
triunfante;2
extendía;2
deshacer;2
perdones;2
salieran;2
bate;2
civil;2
distinto;2
distinta;2
únicas;2
alcanzara;2
caída;2
quemado;2
empezando;2
placa;2
cegado;2
disimulando;2
plano;2
suero;2
ideas;2
soñar;2
extremidades;2
antorcha;2
imágenes;2
cobijándose;2
derechos;2
apretaba;2
riqueza;2
llevará;2
hambrientos;2
prueba;2
escombros;2
emocionado;2
presas;2
podías;2
batalla;2
dÍmelo;2
hectáreas;2
conozco;2
bromeó;2
existían;2
derribó;2
rosa;2
balanceó;2
protección;2
conocí;2
callar;2
interesante;2
m’appelle;2
descubriera;2
saludo;2
cuchillo;2
tiritar;2
pareciendo;2
meticulosamente;2
sostenían;2
aprendan;2
notar;2
cuidar;2
perfectas;2
tierras;2
preocupó;2
ensangrentado;2
maldición;2
herramientas;2
agotador;2
dirigir;2
ten;2
posiciones;2
científico;2
recogerlo;2
preparados;2
fueras;2
seguiría;2
mandril;2
melodía;2
turbado;2
luceros;2
plenamente;2
mísera;2
incapaz;2
inestable;2
montaña;2
crecer;2
torpemente;2
hostilidad;2
soledad;2
focaliza;2
temperatura;2
divertida;2
separaron;2
conciencia;2
mirarle;2
traviesa;2
importa;2
malherido;2
comenzaban;2
fresca;2
tuve;2
aprendáis;2
tratamiento;2
controlarla;2
húmedo;2
desconcentrarla;2
experimentos;2
vasos;2
comience;2
asunto;2
sentirse;2
juntas;2
brick;2
avivar;2
anécdotas;2
confesión;2
expresión;2
insoportable;2
mostrando;2
apreciar;2
suplico;2
rompían;2
cajón;2
precedentes;2
destrozado;2
solución;2
estarás;2
volved;2
respingo;2
cuestión;2
sándwiches;2
roto;2
intensa;2
nueve;2
bipolo;2
antiguas;2
amarga;2
inconfundible;2
aguantando;2
maravillados;2
forzada;2
establecimiento;2
comprenderlo;2
competencia;2
ayudarles;2
limpiándose;2
descubriendo;2
conocidos;2
repetición;2
escogido;2
subieron;2
asintiendo;2
femenina;2
acumulado;2
conocimientos;2
niñitas;2
incrementaron;2
siguen;2
motor;2
reproducirse;2
afable;2
provenir;2
caderas;2
recapacitar;2
cuestionar;2
desiertas;2
dinosaurio;2
sentí;2
camilla;2
maternal;2
flotaban;2
cuesta;2
opuesto;2
roja;2
material;2
trae;2
posaron;2
empujarla;2
llegará;2
grita;2
cerebral;2
sobrado;2
preferidos;2
moría;2
fuimos;2
plagado;2
apagaron;2
echo;2
perteneciera;2
silbar;2
sonrosadas;2
deciros;2
almohada;2
acalorado;2
poseyó;2
símbolo;2
local;2
consecutivo;2
contundentemente;2
aterrizar;2
engañar;2
sonrieron;2
conocida;2
virilidad;2
asesinos;2
recibía;2
sintieron;2
llegada;2
revisor;2
responde;2
ostentosa;2
medicinas;2
pesca;2
vaquera;2
hicimos;2
líder;2
guiñaba;2
traído;2
aléjate;2
valientes;2
ley;2
estremeciera;2
mareado;2
preso;2
malditos;2
hormigueo;2
tardar;2
codazo;2
universo;2
subido;2
impactar;2
sudores;2
reojo;2
tirando;2
alcance;2
reflejaba;2
regalado;2
impulsándolo;2
casos;2
asombro;1
despediros;1
descubriremos;1
característica;1
progresos;1
vencernos;1
dañar;1
confirmaba;1
oficialmente;1
manada;1
compuesto;1
intimidarle;1
virtuosos;1
importantes;1
mendigaba;1
prohibís;1
asegurarnos;1
corrompiendo;1
entretenidos;1
rogándole;1
llamaradas;1
guardados;1
admirar;1
locos;1
sorprenderse;1
saludos;1
ayudaremos;1
chino;1
cuetionó;1
renombre;1
momia;1
ojalá;1
agresión;1
escribieron;1
recorrieron;1
lametazos;1
pequeñajo;1
escudriñaban;1
ligero;1
pupilas;1
abre;1
barandilla;1
inventado;1
vacilante;1
vivías;1
gustativas;1
luchó;1
rayos;1
preparamos;1
picaduras;1
desvaneció;1
galimatías;1
estábamos;1
muelles;1
fundirse;1
ordenar;1
seda;1
estrecha;1
secretos;1
vicio;1
servirá;1
pegado;1
entusiasmarse;1
confundidos;1
inusual;1
reproche;1
ruedas;1
prepararlos;1
maricones;1
constancia;1
alérgica;1
empecemos;1
sucederle;1
corrigiendo;1
productivas;1
laborioso;1
religión;1
proclamado;1
estómagos;1
decretaba;1
coronaba;1
aventajados;1
copiloto;1
cumpleaños;1
profesión;1
despierten;1
harapo;1
interrumpido;1
vestíais;1
sirviendo;1
aprovechando;1
improvisar;1
curaran;1
encolerizada;1
alterar;1
alteran;1
vívidas;1
famélica;1
empinada;1
escurrían;1
abrazada;1
enfrentamos;1
alimentados;1
engañando;1
recta;1
trex;1
cogían;1
relajarse;1
enfermado;1
pacientes;1
mejoría;1
mirándolos;1
that;1
pasarnos;1
nuez;1
túnica;1
gallardo;1
prendado;1
conversando;1
rocosa;1
inconcebibles;1
causantes;1
mensaje;1
ondear;1
nación;1
aunaron;1
golpearlos;1
sentidos;1
sujeté;1
mostraros;1
combinado;1
ocurrirÍa;1
podáis;1
religiosos;1
salvos;1
acalorados;1
cerrarlo;1
contemplara;1
interesó;1
sopeséis;1
desmayados;1
modernas;1
aullidos;1
comprar;1
precipitó;1
alumbraron;1
paño;1
tengamos;1
intentaron;1
glasgow;1
proponeros;1
envejecía;1
cobijara;1
culminado;1
encendida;1
pacífico;1
advertir;1
hostilidades;1
asistió;1
normanda;1
querÉis;1
timidez;1
enmascarado;1
precipitarse;1
abrí;1
desvelaré;1
curártelo;1
quietos;1
volváis;1
reproducían;1
bombilla;1
explicadas;1
avisado;1
conocidas;1
consumido;1
pescando;1
medida;1
vomitó;1
contrincantes;1
adelantaré;1
posa;1
médicas;1
guíe;1
recubiertas;1
escupiéndole;1
conoceréis;1
inapropiado;1
aparatosamente;1
fotos;1
enfurecida;1
desenlazó;1
escarlata;1
combatir;1
pescar;1
hayan;1
estimarás;1
academia;1
frutos;1
hacerlas;1
fatigada;1
cadenas;1
resollar;1
apresaron;1
escudriñar;1
protegerte;1
concretamente;1
calificación;1
posea;1
esconder;1
amaneció;1
aprovechar;1
ennegrecido;1
toros;1
aparentar;1
devorar;1
enfrentado;1
alzabas;1
yermo;1
incomprensión;1
mareados;1
descubrirá;1
refieres;1
alterada;1
embarcadero;1
asentimos;1
delito;1
devoradora;1
coronada;1
comienzohoy;1
recordaré;1
juramento;1
incendiándose;1
ponérsela;1
colocarlo;1
colocarle;1
aliviados;1
aquiles;1
trazados;1
perfumes;1
normales;1
realizando;1
realizó;1
añade;1
saboreaba;1
limitados;1
rabieta;1
maravillas;1
encandilaron;1
acorralaban;1
volvieras;1
experimentación;1
guardarse;1
liberar;1
pronunciaré;1
construcciones;1
sangrando;1
tenerle;1
cercanos;1
tocaría;1
incluido;1
reliquia;1
salvaría;1
diremos;1
diciembre;1
veterano;1
distinguir;1
calmarlo;1
entenderás;1
calmarle;1
vea;1
batía;1
egipcia;1
desmoronándose;1
sonoro;1
sonora;1
guardando;1
sigo;1
menudos;1
tiritando;1
limitaron;1
táctil;1
Ça;1
sofocante;1
aceptarse;1
militar;1
examinando;1
inferiormente;1
reencarnarte;1
colección;1
mataste;1
código;1
localizar;1
mejora;1
filtraba;1
positivo;1
métodos;1
preocuparon;1
malhumorada;1
malhumorado;1
noción;1
curiosa;1
larguísima;1
sierra;1
entrecortaba;1
libera;1
larguísimo;1
seremos;1
telepatía;1
pinta;1
tirar;1
ahogara;1
miniaturas;1
estéis;1
saboreaban;1
sacarse;1
disfrutando;1
bastante;1
tirarle;1
innegable;1
envueltas;1
detalles;1
coronados;1
susurrar;1
ardiente;1
enteraron;1
provengo;1
truco;1
rasgó;1
so;1
enchanté;1
ocultándose;1
magos;1
historianatalie;1
incomprensibles;1
viajeros;1
renunciaba;1
económicamente;1
quitárselo;1
embarrado;1
recipiente;1
temer;1
pastilla;1
ladeó;1
producía;1
fundimos;1
pesados;1
callaros;1
uséis;1
torneos;1
incrementara;1
salado;1
pedirme;1
atravesando;1
forcejeando;1
pensaré;1
serenos;1
viscoso;1
prohibiciones;1
sanos;1
prostitutas;1
recitaba;1
minimizar;1
fregadero;1
tardarías;1
perseguirle;1
gramática;1
autónomo;1
observé;1
poniéndome;1
consistiría;1
chirrido;1
acometió;1
enfrentaba;1
decorada;1
boulevard;1
renovada;1
relajar;1
decorado;1
quédate;1
nombrealauqtestigo;1
indirectamente;1
disparamos;1
contemplaban;1
fallecido;1
rival;1
rasguños;1
suplicándole;1
reúne;1
futura;1
pronunciando;1
desplazaba;1
consiguieran;1
romancehoy;1
curara;1
iría;1
controlado;1
sonrojaba;1
construida;1
muriendo;1
ayudara;1
engullirlos;1
atascaron;1
humanas;1
explosiones;1
chanclas;1
impredecible;1
acabada;1
feroz;1
malamente;1
edificada;1
muñecos;1
revelamos;1
crujiera;1
aterrizó;1
población;1
repetiré;1
estropicio;1
igualdad;1
enmudecía;1
brotaron;1
empalagosos;1
ocasionado;1
pudiste;1
sentirá;1
permisivos;1
lideraba;1
encaminaron;1
contemplo;1
patanes;1
pondréis;1
bebida;1
primerizos;1
silencia;1
bebido;1
pasaran;1
moví;1
pintándose;1
corro;1
contenida;1
contenido;1
preparaban;1
punta;1
dejarlos;1
sujetarla;1
universitaria;1
separándose;1
conversaban;1
triunfador;1
gutural;1
entrelazaron;1
protegía;1
coma;1
soñaban;1
apaciguar;1
desaparecería;1
bolas;1
saldría;1
estilo;1
expandía;1
intelectual;1
puntiagudo;1
vomitaba;1
tiraban;1
llévala;1
perderé;1
vendaje;1
acomodo;1
magiahoy;1
pollo;1
patos;1
muros;1
condúcela;1
acariciaban;1
ansiosas;1
moviera;1
echarás;1
frasco;1
brazadas;1
residentes;1
fama;1
bordearon;1
aminorando;1
damos;1
centésimo;1
silbó;1
suficientes;1
apoderaron;1
reflejada;1
genio;1
vean;1
informaciones;1
soportes;1
pongas;1
inaudible;1
prostitución;1
temblor;1
carcajeó;1
creándose;1
deshidratados;1
embarcarse;1
explicadme;1
hacemos;1
tradición;1
carrera;1
rompo;1
usamos;1
suma;1
hotel;1
maquinaria;1
despedida;1
reproducción;1
participo;1
parlotear;1
dureza;1
repantigue;1
separarnos;1
patrimonio;1
despedirme;1
subía;1
latió;1
impacientándose;1
tranquilízate;1
salvarme;1
acabarse;1
podrÍas;1
fabricaba;1
música;1
pinchazo;1
empezaste;1
consentido;1
pudiendo;1
adentrado;1
escucharme;1
temerosa;1
cuestiones;1
aguas;1
hey;1
comerciales;1
completa;1
pensaron;1
continente;1
abrochaba;1
ruso;1
bebed;1
abrigada;1
desprenderse;1
creas;1
divagar;1
escapan;1
bañado;1
sometiendo;1
mugrienta;1
próstata;1
desorbitadamente;1
intimidación;1
impaciencia;1
peluches;1
Últimamente;1
mantenían;1
respondiendo;1
conectada;1
suavizándose;1
calentaran;1
tomártelo;1
hombrecito;1
creíste;1
original;1
hacerles;1
comparadas;1
prestigioso;1
ovación;1
estrenará;1
hermoso;1
desintegró;1
cartera;1
estructura;1
atolondrado;1
guisado;1
resonó;1
raritos;1
myself;1
tentación;1
pagáis;1
creando;1
disposición;1
mostraré;1
perdiéndose;1
acerqué;1
enciclopedias;1
fallado;1
preocuparte;1
método;1
ejercicios;1
sacaba;1
seguidas;1
fundieron;1
higiénico;1
descortés;1
carcajearon;1
vía;1
curarlos;1
deseando;1
social;1
adelantó;1
exigido;1
pobremente;1
corta;1
corte;1
anochecer;1
medianoche;1
pareciéndose;1
arrebató;1
estremezca;1
mejorar;1
nuca;1
suspiraron;1
explotado;1
muriera;1
huyera;1
tecleó;1
ensueño;1
bajas;1
coincidencia;1
enfermería;1
delicada;1
salta;1
nevera;1
echaba;1
detonante;1
cascarrabias;1
reyes;1
cabrón;1
traernos;1
coronando;1
garabatos;1
sumido;1
fundar;1
dotar;1
patio;1
personalmente;1
tobogán;1
seguras;1
digan;1
enmudecer;1
filix;1
buscan;1
metido;1
gadget;1
odia;1
respiro;1
denuncie;1
consiga;1
simpática;1
encerrarla;1
encerrarlo;1
perteneces;1
mendigo;1
tapándose;1
olores;1
desarrollado;1
endemoniadas;1
recientemente;1
cobijar;1
vibrante;1
devuélmelo;1
apresada;1
mandíbulas;1
rastrear;1
devolvieron;1
dardos;1
últimamente;1
vitorearle;1
hospedarse;1
juzgado;1
enmudecidos;1
desencadenando;1
carnales;1
correspondencia;1
alfombra;1
luchar;1
papeleras;1
notado;1
seamos;1
divertido;1
verdades;1
posado;1
convivir;1
prisas;1
aburrida;1
afilado;1
hablaría;1
escondiéndote;1
quejó;1
posicionó;1
pasad;1
pasan;1
dejamos;1
destruyera;1
comprimiendo;1
vimos;1
disimulada;1
existiendo;1
descendiendo;1
frotando;1
barrer;1
preguntándole;1
mágicamente;1
cogedlos;1
batallita;1
esperado;1
desvanecerse;1
arremetiendo;1
entrenan;1
columna;1
delató;1
factor;1
corrido;1
llamara;1
tragaba;1
vuelven;1
caigamos;1
especie;1
golpeaste;1
necesitar;1
desembocaba;1
grabada;1
equivoques;1
enterrarás;1
irás;1
irán;1
see;1
sobrepeso;1
impulsando;1
dominar;1
derrotados;1
merecen;1
intentara;1
suegro;1
área;1
pasados;1
manjares;1
rugiendo;1
reduciendo;1
animara;1
ofreceré;1
apatía;1
olla;1
irritado;1
echada;1
saldrá;1
prefiero;1
éxito;1
silenció;1
tambaleante;1
ocultaron;1
necesitara;1
bifurcaba;1
incesantes;1
cuartos;1
guardar;1
duras;1
durar;1
formándose;1
ami;1
dolido;1
descifraba;1
jurado;1
contestar;1
estacionó;1
cristaleras;1
vilmente;1
fingiendo;1
limpiándole;1
concreto;1
tremebundo;1
presionando;1
domingos;1
cabina;1
típicos;1
debilitan;1
formar;1
acogedora;1
prolongada;1
desconcentrar;1
sorprenderías;1
prolongado;1
coronilla;1
tapón;1
realizaba;1
contenedores;1
embrujados;1
palo;1
volveréis;1
superado;1
lenguaje;1
retocaron;1
plegando;1
presentara;1
rondaba;1
parcial;1
frágil;1
tachón;1
teniendo;1
jarras;1
llamad;1
expulsado;1
pierdo;1
malos;1
alcanzaron;1
cócómo;1
tallo;1
resoplidos;1
impensable;1
lanzaron;1
escrita;1
formulado;1
paciente;1
terminaría;1
plegadas;1
arropaba;1
mortales;1
rafaelhoy;1
mairie;1
charco;1
hayáis;1
parados;1
entornados;1
inventaré;1
servicio;1
rulos;1
lucir;1
fresa;1
rodilla;1
espontáneos;1
codo;1
pensión;1
presentarte;1
devoró;1
seno;1
localización;1
ventanales;1
manejando;1
flexionó;1
llame;1
nieto;1
municipio;1
artilugio;1
escalando;1
destellos;1
salvando;1
firma;1
tragedia;1
saluda;1
herido;1
desenvolvía;1
acatar;1
suavizante;1
octavo;1
enséñame;1
encendía;1
fenómenos;1
limitáis;1
profunda;1
levantarla;1
marinero;1
refugio;1
titubeó;1
decidle;1
señorita;1
explicaría;1
encontrarte;1
cuajo;1
tragando;1
viajaremos;1
amenazas;1
escupiera;1
muñecas;1
regresado;1
comunicarnos;1
cambiara;1
precognición;1
cliente;1
roncaba;1
decidiera;1
lema;1
gustaban;1
insistencia;1
flamenco;1
agosto;1
entrañas;1
animar;1
sostuviera;1
atraparan;1
necesitaban;1
dictadas;1
elección;1
engulleron;1
pardo;1
directa;1
pudriera;1
recobrando;1
adivinar;1
pellizcaba;1
sobrevivía;1
puerto;1
ratas;1
náuseas;1
país;1
cabellos;1
asociación;1
engarrotó;1
parezca;1
viajaron;1
monólogo;1
obtenido;1
tumbada;1
movernos;1
motivos;1
acomodándose;1
cest;1
besaron;1
acordaron;1
voló;1
tambaleándose;1
destacaban;1
blasfemar;1
espectro;1
fatiga;1
sonreí;1
milagro;1
inalterable;1
inteligencia;1
bestias;1
recibirlo;1
suplicaba;1
permanecieron;1
letras;1
visionó;1
suntuoso;1
ciudadano;1
observan;1
comenzaremos;1
abandonaron;1
picado;1
estridente;1
paladar;1
repito;1
pruebas;1
gélida;1
acabará;1
conociendo;1
zapatos;1
destruidos;1
penumbra;1
autor;1
retahíla;1
detenidamente;1
perdida;1
chillona;1
maltrataba;1
arañando;1
deslizó;1
sinceras;1
lyon;1
nuclear;1
respirabas;1
ocasionar;1
suspiros;1
característicos;1
privados;1
muriéramos;1
retorció;1
cañas;1
marta;1
encargaremos;1
componía;1
actuarán;1
enseñaremos;1
colocarlas;1
uniera;1
tostadas;1
ayudadme;1
otorgaba;1
vuelvan;1
tatuaje;1
decidida;1
tragado;1
arañaron;1
anticipándose;1
tallada;1
reprográficos;1
hinchada;1
querrás;1
entretenimiento;1
atraganta;1
exóticos;1
transformó;1
milímetros;1
enseñó;1
migas;1
sobras;1
pasmados;1
gárgola;1
romance;1
devastado;1
desequilibrarse;1
castellano;1
dan;1
estallarle;1
olía;1
mostrado;1
invitaba;1
periódico;1
infinita;1
agitaciones;1
haceros;1
inminente;1
correctas;1
complicado;1
humilde;1
evolucionar;1
web;1
estupidez;1
protegerlas;1
resquebrajó;1
llévatelo;1
evolución;1
supondría;1
cariñosamente;1
quemarropa;1
recordáis;1
sorbiéndose;1
hipnotizantes;1
elevara;1
limpiando;1
entendimiento;1
unirse;1
orquesta;1
pagarás;1
rotonda;1
deliciosa;1
clientes;1
enferma;1
aventuras;1
destartalado;1
cajita;1
manta;1
manto;1
recuperaron;1
lástima;1
obtener;1
erguirse;1
llevarte;1
mera;1
marcharme;1
sujetar;1
muerta;1
física;1
entornó;1
condenado;1
jugaron;1
curvo;1
dramáticos;1
encorvó;1
desprendiéndose;1
colega;1
nouvel;1
músculo;1
prepararlo;1
estancada;1
fijas;1
gastado;1
acuáticas;1
odiando;1
veréis;1
privilegios;1
representándose;1
gimiendo;1
frecuencia;1
usado;1
cortando;1
mantuvimos;1
lagunas;1
demasiados;1
seguirles;1
humanidad;1
ocasión;1
gritara;1
vomitar;1
rechoncho;1
presenciaba;1
conozcamos;1
compres;1
retirar;1
besando;1
venimos;1
achuchones;1
integrado;1
asesinaros;1
ocuparon;1
congregados;1
persistía;1
muertes;1
trajo;1
galas;1
mostrándosela;1
empujándose;1
tarro;1
exige;1
calendario;1
héroes;1
maneja;1
incalculable;1
Éramos;1
tiraba;1
interna;1
revela;1
estridentes;1
erosionada;1
espetó;1
avisarla;1
avisarle;1
dirijo;1
continuas;1
sacudieron;1
bajado;1
comentario;1
manejaba;1
restos;1
provoque;1
permite;1
guíanos;1
libertad;1
novio;1
inclusive;1
trasladar;1
asustar;1
conocerías;1
encajaba;1
fantaseado;1
escabulleran;1
yema;1
tartamudeando;1
rellano;1
guardado;1
recoge;1
poblados;1
ingredientes;1
animados;1
encargaría;1
melena;1
pasaría;1
desplegó;1
aislamiento;1
alarmados;1
hábiles;1
rompía;1
bromeas;1
chasquea;1
pelusa;1
enteró;1
desprendiendo;1
demorado;1
moviéndolos;1
deshicimos;1
doler;1
vinos;1
good;1
adineradas;1
lunes;1
soplaba;1
procurad;1
crimen;1
separándolas;1
deteriorado;1
destruiré;1
oía;1
paguen;1
cargada;1
carteles;1
daniel;1
suyas;1
dialecto;1
generoso;1
rápidos;1
sustituyó;1
especies;1
endemoniada;1
lisa;1
trastorno;1
regreso;1
acero;1
buscara;1
golpecito;1
mentiras;1
subirse;1
vigilados;1
hagamos;1
admirándose;1
formaremos;1
jarrón;1
responsable;1
siervo;1
furor;1
entendí;1
parido;1
malvado;1
receta;1
desciendo;1
resoplando;1
quebrantaran;1
bebe;1
beba;1
numerito;1
reído;1
hermosos;1
gastaban;1
propongas;1
haced;1
erguido;1
páginas;1
comenzaría;1
pasional;1
literalmente;1
rasguño;1
imitó;1
inimaginable;1
quemarle;1
alumbraba;1
aterraba;1
promete;1
valiosísimo;1
desatar;1
depositado;1
presionaba;1
destrozándola;1
irónica;1
densidad;1
restantes;1
imaginarias;1
espantado;1
di;1
treintena;1
introducirte;1
adornando;1
demasiadas;1
consecuencias;1
erupcionar;1
inyectara;1
rondando;1
devorabas;1
necesitáis;1
devoraban;1
alcanzaran;1
atroz;1
comprobado;1
enterrar;1
presenciado;1
amarrados;1
pisado;1
incesante;1
viernes;1
golpeándola;1
golpeándolo;1
sesenta;1
billetes;1
favoritas;1
eficacia;1
sujetaba;1
produciéndose;1
describía;1
ils;1
com;1
sorbos;1
refunfuñaba;1
funcionara;1
aprenderé;1
agarraba;1
defenderos;1
perseguir;1
distraerla;1
centésimosegundo;1
distraerlo;1
habíais;1
despegaba;1
corrompido;1
remediar;1
pulsó;1
susurro;1
envase;1
habitable;1
preciosos;1
tóxicos;1
descuido;1
jurarme;1
aguantó;1
temblorosas;1
exclamaba;1
hazle;1
malditas;1
adentraremos;1
deshabitada;1
apenado;1
silbidos;1
quedaré;1
aventureros;1
juegos;1
reunían;1
entierro;1
agotamiento;1
llenó;1
pirámide;1
thanks;1
tempestad;1
comentarte;1
ascendiendo;1
encerraban;1
bramido;1
cuales;1
cruzados;1
consumía;1
adentrándome;1
night;1
cumpliré;1
desconcertadas;1
desplazando;1
rompiera;1
aristócrata;1
grisáceos;1
humor;1
echarles;1
acercándome;1
retratos;1
verja;1
cumplen;1
completaba;1
chimenea;1
pose;1
ayudaré;1
querían;1
croar;1
empalagosa;1
serenidad;1
propagándose;1
celebrarlo;1
lavar;1
dispuestos;1
borrosamente;1
riendas;1
lavan;1
alejaba;1
celebración;1
esposa;1
subsistir;1
mecánico;1
soplar;1
horrorizaron;1
pataleaba;1
clientas;1
lleve;1
aparcaron;1
realicé;1
petulante;1
ayuden;1
beneficiar;1
lanzarles;1
sierto;1
aderezado;1
ansioso;1
tomaré;1
alarmara;1
huéspedes;1
metiéndola;1
acostaste;1
aceptarlo;1
espesos;1
abertura;1
tapó;1
cubriendo;1
volaron;1
atrevía;1
levantando;1
descubran;1
elevada;1
humo;1
conducían;1
educar;1
sujeto;1
mirarme;1
buscándome;1
alumnas;1
educan;1
pintaron;1
moscas;1
podré;1
puntillas;1
repetitiva;1
seguidamente;1
agravó;1
perseguía;1
besó;1
manejar;1
ardillas;1
carga;1
contárselo;1
importaba;1
genes;1
conjuros;1
iluminaba;1
erradicar;1
demencial;1
apostaría;1
permanecemos;1
emocionó;1
ganaría;1
apuntaba;1
exigió;1
irguió;1
rezó;1
tierna;1
explicará;1
desagrado;1
descansarían;1
pediré;1
sobrehumano;1
sentirte;1
remolinos;1
amaneciendo;1
chocar;1
percibía;1
consistía;1
esconderlo;1
remonta;1
donamo;1
dramáticamente;1
regañina;1
ayudarme;1
estupendo;1
cae;1
amasijo;1
menguaron;1
fotocopiar;1
lluvioso;1
pedirlo;1
importarle;1
pedí;1
danzaron;1
atraerla;1
estén;1
tirándolo;1
reconocerlo;1
reconocerla;1
cuáles;1
llegando;1
ponía;1
tumbados;1
acompañadme;1
entornada;1
marzo;1
varas;1
tiza;1
anglosajón;1
artilugios;1
enteraría;1
hendidura;1
mancharlos;1
bidones;1
planeada;1
recibir;1
precisas;1
justicieros;1
asistir;1
encogiendo;1
política;1
confundas;1
quéqué;1
ventajas;1
egoísmo;1
gravedad;1
volví;1
empañaba;1
escucharan;1
desprende;1
chillar;1
pizca;1
combinación;1
corretear;1
desprendo;1
reflexiones;1
mejorando;1
mofletes;1
desaparece;1
utilizadas;1
quisieran;1
enojada;1
viejas;1
milímetro;1
alargar;1
posándose;1
negrura;1
contemplándolo;1
maldecido;1
adentraron;1
sublime;1
territorio;1
impacientemente;1
estudia;1
tonalidades;1
continúan;1
disputar;1
tío;1
educados;1
realizaremos;1
visual;1
pequeñísima;1
esconde;1
borró;1
casquillos;1
veteranos;1
cuencas;1
enterado;1
escudriñando;1
continuado;1
separarlo;1
ardió;1
enloquecer;1
dejaréis;1
espíritus;1
fáciles;1
palideciendo;1
vienen;1
ascendido;1
unidos;1
devorado;1
intoxicaba;1
sonar;1
escocía;1
salga;1
irónicos;1
gratificante;1
brillando;1
tembló;1
arreglaría;1
impoluta;1
agradaría;1
recogían;1
lanzándose;1
estacionado;1
suavizara;1
biblioteca;1
cacariño;1
sufrido;1
empatía;1
hurto;1
catalogarlo;1
sucedieron;1
tornero;1
habituales;1
crujir;1
prometido;1
perdición;1
afectada;1
apreciemos;1
contraria;1
zambullían;1
monsieur;1
denunciar;1
identificación;1
bosteza;1
vínculos;1
colegios;1
oxígeno;1
morfina;1
chispazo;1
apreciaba;1
fines;1
mermelada;1
eras;1
consulta;1
preguntaran;1
botellas;1
móvil;1
efectiva;1
fortaleciendo;1
enseñarme;1
noble;1
agitó;1
ensimismados;1
negativas;1
temática;1
desborde;1
observarse;1
severo;1
serpenteaba;1
tranquilizar;1
entrenar;1
empecéis;1
retrocedió;1
mirarles;1
verse;1
encontraran;1
campos;1
inmutado;1
destinoalcalde;1
tenerla;1
brazalete;1
construcción;1
cráneo;1
incorporándose;1
anulada;1
sotana;1
bonitos;1
alteró;1
virar;1
francia;1
inaccesible;1
contestación;1
facilitó;1
ocupar;1
cegó;1
sabrá;1
ocupan;1
iluminados;1
gritado;1
guardaba;1
olvidarlo;1
adornaba;1
bañaban;1
penetrante;1
preparo;1
castigaría;1
animarse;1
dorado;1
noviembre;1
sirvo;1
limpiarlas;1
hojas;1
esplendor;1
carretes;1
óbices;1
intenta;1
adiestradas;1
intente;1
hazlo;1
dueña;1
distanciándose;1
intento;1
propinándole;1
actuaba;1
sentaos;1
tirados;1
comunicativa;1
construyeron;1
prohibidas;1
quererlo;1
ayudarla;1
rocas;1
bloquear;1
congelarle;1
entrelazó;1
tiritaba;1
viví;1
reinaba;1
giorgio;1
inteligente;1
arrastró;1
descendiera;1
corred;1
correa;1
hable;1
doblara;1
vergüenza;1
tambaleó;1
sudadas;1
enamorara;1
sorbidos;1
atardeceres;1
tienda;1
partiéndoselos;1
despido;1
señalada;1
mandé;1
estaremos;1
acera;1
cabecero;1
nerviosos;1
narrar;1
tradicional;1
sangraba;1
salinidad;1
finalizar;1
subiendo;1
desbarataría;1
cerebros;1
recovecos;1
jardín;1
largarte;1
lunares;1
mataréla;1
llevaría;1
pateando;1
conoció;1
girando;1
tengáis;1
madrugadores;1
fracasan;1
estáticas;1
plateados;1
entiéndelo;1
sentara;1
temblaron;1
compone;1
quebrada;1
excusa;1
rendija;1
abras;1
quedaros;1
valioso;1
ciertas;1
rememorar;1
divertirte;1
afirmó;1
dirigirnos;1
pagó;1
remolino;1
terrazas;1
convicción;1
puntiaguda;1
quedes;1
invitadas;1
presionado;1
cerebrales;1
arduo;1
combatían;1
amanecer;1
gasa;1
rudo;1
levantándole;1
chicard;1
fe;1
menguar;1
tumbándose;1
contraatacar;1
golpearon;1
llevarla;1
silbato;1
propósito;1
vestirse;1
mojado;1
brindarle;1
connais;1
soldados;1
suicidio;1
lobos;1
estudios;1
tajantemente;1
racionalizar;1
silenciosa;1
poderosas;1
oigo;1
hipótesis;1
alejaron;1
accedéis;1
rogando;1
sacaban;1
internando;1
tratarse;1
ajenos;1
escanear;1
tenerlos;1
relajamos;1
juntarse;1
invierte;1
cabreado;1
controlaban;1
comienzos;1
cargaron;1
pue;1
vencedorla;1
enfadarlo;1
obtendrás;1
amarillos;1
pudieron;1
aplastando;1
misa;1
dormirse;1
bizcochitos;1
indignación;1
anulándolo;1
corazonada;1
efectos;1
tregua;1
minucia;1
amanecido;1
agarrado;1
utilización;1
reconocer;1
malentendidos;1
edades;1
iluminadas;1
rebotar;1
tropezar;1
estupefacto;1
rugidos;1
inquilinos;1
dirigieron;1
marchándose;1
enojado;1
vendaré;1
entenderá;1
rogaron;1
recogido;1
intervenido;1
vengo;1
estirar;1
introducía;1
encaró;1
recogieron;1
hagámoslo;1
bombillas;1
terrones;1
picardía;1
periódicos;1
irrumpido;1
bajad;1
nadando;1
desconcierto;1
reflejarse;1
maestrosvisiones;1
enojarse;1
enterró;1
entendernos;1
desollamos;1
examinar;1
religioso;1
meditación;1
kilos;1
piso;1
sacara;1
ciénaga;1
vencerle;1
parecen;1
empapó;1
pablete;1
hábilmente;1
exclamó;1
suspira;1
protector;1
jefe;1
caerle;1
resoplar;1
boquiabiertos;1
explicaros;1
prójimo;1
desperdiciado;1
deberíamos;1
hallada;1
sirvió;1
brillar;1
brillan;1
miedos;1
danzantes;1
naipes;1
frontera;1
acostumbraros;1
discípulos;1
escuelas;1
informático;1
atraparon;1
prometo;1
aventajada;1
continuaron;1
docente;1
morenoel;1
discretamente;1
permitían;1
averiguarlo;1
trabajaste;1
cabizbajos;1
danzando;1
cuenco;1
atenea;1
momentánea;1
llegase;1
cabizbaja;1
cabizbajo;1
formulando;1
abrazos;1
informar;1
grotesco;1
batían;1
pertenecerle;1
transmitido;1
introducirla;1
dicien;1
traía;1
maquetas;1
pateó;1
milésima;1
desperdiciaras;1
recreo;1
delicadeza;1
extensión;1
pusimos;1
gracia;1
territorios;1
acércate;1
taciturno;1
dorso;1
queridos;1
antinatural;1
enjaulada;1
tardaré;1
nació;1
combatía;1
tranquilizara;1
huyas;1
acompañarte;1
tocas;1
asomados;1
domar;1
encargada;1
burlón;1
ida;1
rugieron;1
escándalo;1
cumplían;1
primitivos;1
aumentarla;1
viviente;1
necesidad;1
toser;1
agonía;1
limpia;1
salpicaban;1
similar;1
aplaudirían;1
seducción;1
desaliñando;1
adulto;1
asesinatos;1
desvistió;1
tita;1
comprendo;1
captores;1
justamente;1
comprendido;1
duró;1
amplitud;1
ternura;1
situaba;1
suponía;1
mentira;1
obsesión;1
bocadillos;1
merced;1
apoyado;1
saltando;1
apoyada;1
frenaron;1
aparente;1
chaqueta;1
llamaba;1
desayuna;1
grabación;1
sorprendería;1
forzó;1
retener;1
superar;1
agarrando;1
supone;1
encaminado;1
sinfín;1
enfrentándose;1
suficientemente;1
ocultas;1
colibríes;1
trajeron;1
latente;1
ofensiva;1
quéhasidoeso;1
empujaron;1
ignoró;1
ligados;1
impulsados;1
iguales;1
producto;1
cementerios;1
constitutiva;1
bocanada;1
manotazo;1
conviviendo;1
despachos;1
vagón;1
extrañó;1
anclada;1
nombrar;1
coleta;1
presentaciones;1
armados;1
encerrados;1
formado;1
huesos;1
truculentos;1
inesperado;1
amenazarla;1
posesión;1
engañándola;1
perpleja;1
nulos;1
casado;1
querida;1
miraran;1
estúpidas;1
residencia;1
avergonzada;1
conseguirían;1
enteraba;1
faro;1
cuñado;1
sostener;1
disponen;1
veas;1
presidentes;1
alzaba;1
disfrutó;1
doblaron;1
replanteaba;1
contraía;1
indignos;1
cuidara;1
reencarnación;1
desastre;1
masters;1
moda;1
fastidie;1
arderá;1
espléndidos;1
rojas;1
idearon;1
defraudaré;1
estampando;1
tirabuzones;1
sillones;1
volverías;1
odian;1
odiar;1
individuales;1
activados;1
bandeja;1
soñaba;1
mares;1
entreneimiento;1
certero;1
saciar;1
maléfica;1
sonrojado;1
apetece;1
costara;1
invierno;1
lavamanos;1
debatirlo;1
empañados;1
incrementándose;1
empezara;1
amarradas;1
erguían;1
drogas;1
superhéroe;1
quieras;1
crearon;1
apasionado;1
inexpresivo;1
desorientado;1
mantenerme;1
listo;1
atadura;1
asegurarme;1
convenciendo;1
aguja;1
devuélveme;1
propinó;1
ahínco;1
azabachada;1
probara;1
empeño;1
mantén;1
escuchados;1
divierte;1
ahogada;1
hechizado;1
adormilado;1
género;1
besaros;1
criara;1
juega;1
declares;1
escondidos;1
mezcla;1
suntuosos;1
ábreme;1
minuciosamente;1
congregó;1
aburren;1
realización;1
aceptó;1
matará;1
tira;1
buscaban;1
hundirse;1
dolorosamente;1
libra;1
cuero;1
tamaños;1
rapada;1
ordenado;1
encerrar;1
desayunaban;1
entrara;1
dubitativo;1
tocarla;1
joya;1
invisibles;1
comparable;1
veré;1
flexiones;1
mago;1
seáis;1
vendarlo;1
talones;1
comemos;1
caracterizaba;1
gómez;1
contener;1
oponga;1
detenlo;1
taparse;1
acompañaría;1
experimentar;1
entregaréis;1
aterradora;1
responderé;1
daréis;1
laboratorios;1
impartir;1
disfrutas;1
camarote;1
aventurahoy;1
conocían;1
matarme;1
resonaba;1
invención;1
colocarlos;1
silenciosamente;1
moverlo;1
famélicos;1
reventaron;1
proporcionarle;1
proclamarle;1
balcón;1
paseos;1
prácticas;1
costero;1
extendieron;1
solucionarlo;1
sospechosos;1
despertaran;1
desviarse;1
well;1
sorteo;1
elegidos;1
curado;1
clavándose;1
desesperadamente;1
enamoradas;1
desplazarse;1
avanzado;1
dirigimos;1
tejón;1
ovillo;1
irritados;1
nata;1
destrucción;1
enfrentó;1
gusanos;1
soñando;1
desear;1
confiando;1
función;1
dispuestas;1
s’appelle;1
repantigándose;1
hundiendo;1
permitiera;1
salvarte;1
palpándose;1
producida;1
recuperaremos;1
escondiera;1
embarazo;1
cantrolo;1
paterna;1
calmarte;1
ondeo;1
rodeo;1
morirán;1
rodea;1
abuelita;1
pudriros;1
mojando;1
arrasando;1
queriendo;1
navega;1
envoltorio;1
constitución;1
claras;1
sentiste;1
golpearan;1
infarto;1
desarrollarán;1
dejará;1
partiremos;1
señalarse;1
cruel;1
disuadir;1
inmunizados;1
príncipes;1
reveló;1
dirigiéndose;1
giro;1
ensimismada;1
risotadas;1
parecida;1
clítoris;1
láctea;1
despistarse;1
nublada;1
bostezos;1
repartían;1
pardon;1
estrangulado;1
fabricación;1
presente;1
aparcamiento;1
honestas;1
abro;1
escuchadme;1
grilletes;1
mineralizando;1
saltones;1
reproduciendo;1
disminuye;1
sherlock;1
tímidas;1
prohibido;1
extrañaba;1
mayonesa;1
acompañaré;1
formación;1
canelo;1
ente;1
atravesada;1
espesura;1
coraje;1
olvido;1
ficticia;1
muebles;1
pasadlo;1
supieras;1
tocaste;1
recordándole;1
estuve;1
gelatinoso;1
imagínatelo;1
fumador;1
legendario;1
colócame;1
acuerdo;1
golpea;1
puestas;1
dóndónde;1
rían;1
terminada;1
cobijados;1
pedra;1
estará;1
clavado;1
negociante;1
devorarlo;1
apuntándole;1
pecas;1
peleas;1
pelear;1
cercana;1
saboreó;1
atragantó;1
prometiéndose;1
jadeando;1
rastras;1
apártate;1
ready;1
decirlo;1
terremotos;1
llevamos;1
embriaguez;1
cegara;1
ayudarnos;1
abriste;1
alegro;1
esperarlos;1
homosexualidad;1
fascinado;1
dársela;1
ganó;1
terminaban;1
proyectiles;1
apartando;1
anglosajona;1
hacíais;1
elogio;1
monstruosa;1
violador;1
hombrepájaro;1
crea;1
monstruoso;1
evaluamos;1
dímelo;1
colosal;1
encargó;1
creería;1
bajéis;1
huérfanos;1
fortuito;1
paranormales;1
meterte;1
profesora;1
crucial;1
porcelana;1
coloridos;1
estofado;1
comenzáis;1
tratratando;1
asustándola;1
sigan;1
pararon;1
alteza;1
sigas;1
intentarlo;1
resquebrajado;1
caudaloso;1
robaba;1
preciados;1
helara;1
dotados;1
garra;1
trepadora;1
fuese;1
sufría;1
aprendí;1
siniestras;1
sospecharía;1
estrellar;1
recibirlas;1
perilla;1
poseyendo;1
obsesionarse;1
tramitando;1
empujón;1
llores;1
paliza;1
vivircambio;1
errante;1
marie;1
derramó;1
arenas;1
hombrecillo;1
infracción;1
envejecer;1
devolverle;1
andrés;1
devolverlo;1
sordos;1
revolver;1
despiadadas;1
sombrío;1
radiantes;1
anunciar;1
inmortales;1
aminorar;1
peseta;1
perdóname;1
acostado;1
sentaron;1
alcanzarlas;1
salidas;1
nublaba;1
complicados;1
ansiados;1
aumentan;1
said;1
realizamos;1
artificial;1
fulgente;1
rápidas;1
ancho;1
clamar;1
agobiado;1
rascándose;1
negaron;1
rechazado;1
desmayara;1
perderás;1
acompañarme;1
volcán;1
cortaron;1
sensatez;1
radiante;1
bolsita;1
adivinó;1
controlada;1
suelen;1
villano;1
recónditos;1
asesinada;1
rasgando;1
entrecerrados;1
colocándolo;1
entiendas;1
embotado;1
sollozos;1
retoque;1
epÍlogohoy;1
cajones;1
it;1
farsa;1
il;1
iluminarse;1
asemeja;1
alborotado;1
decididas;1
mancha;1
instinto;1
elle;1
aparecen;1
acaudalada;1
neptuno;1
suéltala;1
arruga;1
volverla;1
programa;1
declaración;1
fortaleciera;1
encantada;1
ceja;1
intencionadamente;1
involuntariamente;1
colocaba;1
peinada;1
contarme;1
ambulancia;1
engañe;1
mayorcito;1
gustas;1
amarillo;1
natal;1
pestilentes;1
envió;1
decídmelo;1
manual;1
confió;1
reluciente;1
avariciosa;1
hospitalario;1
cortaba;1
clavaron;1
www;1
llanamente;1
aburridohoy;1
cobijase;1
grisácea;1
escoria;1
formaba;1
costuras;1
alcanzaba;1
arbustos;1
cÓmo;1
irónico;1
gastaría;1
violencia;1
atiende;1
desviaron;1
vuela;1
frunció;1
seña;1
subo;1
viajes;1
repasárselos;1
choque;1
editor;1
probó;1
mantiene;1
tentáculos;1
traería;1
pasaréis;1
rodeó;1
inclinarla;1
buscaran;1
cosmos;1
aprobada;1
emitía;1
carreteras;1
seríais;1
alerta;1
limosna;1
optar;1
quedaran;1
dicha;1
deshizo;1
escalón;1
tocando;1
relieve;1
gritaras;1
estremecieron;1
detuvieras;1
asustéis;1
encontraría;1
convencí;1
cañerías;1
detuvieran;1
noticia;1
decidía;1
asustaran;1
previo;1
tranquilizó;1
atónitos;1
did;1
entrecejo;1
consentir;1
tapaban;1
tartana;1
trastadas;1
cambiando;1
asolando;1
unieron;1
permita;1
seréis;1
fotocopia;1
ladrillo;1
mantenerse;1
refunfuñar;1
surgido;1
bol;1
apresarle;1
chocaron;1
huyó;1
susurrarle;1
fécamp;1
balanceara;1
novia;1
antaño;1
colocábamos;1
semifinales;1
contrarrestó;1
lorenzo;1
desbloquear;1
infundía;1
contorno;1
lámparas;1
montáis;1
vistiera;1
cremallera;1
embelesado;1
empapada;1
protégela;1
alojando;1
entregarte;1
sospechas;1
roncar;1
azar;1
apoyando;1
ventanilla;1
reunió;1
desparpajo;1
carraspeando;1
pura;1
puro;1
funcionaba;1
arroparla;1
encargaré;1
causante;1
oxidándose;1
ajenas;1
tapar;1
significan;1
trate;1
escopeta;1
denominarla;1
desarrollando;1
síntomas;1
proporcionó;1
Ábrela;1
monitor;1
conocierais;1
acompañe;1
desconcentrara;1
salvación;1
desconocidos;1
cuestionaba;1
retoques;1
pintado;1
convirtieran;1
preocupéis;1
médula;1
llévame;1
ayudaréis;1
puñetera;1
acarició;1
deseaba;1
pasándolo;1
destempló;1
dañaron;1
utopÍasiipablo;1
adherida;1
interesando;1
sabor;1
apagad;1
comunicación;1
madrugador;1
sientes;1
proporcionaré;1
rendía;1
enseñarte;1
existentes;1
perseguían;1
arropó;1
fiera;1
aprovecha;1
creerán;1
creerás;1
expectantes;1
hicieras;1
aceptando;1
pegar;1
hicieran;1
cansadas;1
otorgó;1
tapada;1
mueve;1
bailes;1
desgarraba;1
obligado;1
parisino;1
llevarán;1
brujas;1
robaban;1
iluminó;1
relacionarse;1
podríamos;1
descansara;1
show;1
anudando;1
brujahoy;1
campana;1
perdidofamilia;1
cabían;1
usos;1
sensata;1
matarán;1
movedizas;1
gen;1
introdujeron;1
tirarme;1
músculos;1
amargor;1
amargos;1
pateado;1
tramitación;1
laberínticos;1
seat;1
observara;1
protegerse;1
insoluble;1
importara;1
mentalizaba;1
sudamericano;1
distantes;1
cumplido;1
castañeando;1
aviso;1
caíste;1
picotazo;1
ocurriría;1
estrellarse;1
adaptarse;1
anécdota;1
guiarse;1
encajando;1
petrificados;1
sabiendo;1
alargó;1
sirves;1
escondrijos;1
subsistiera;1
escucharle;1
frenas;1
prado;1
bostezar;1
mordieron;1
pusiera;1
ciego;1
papárselo;1
encuentran;1
lectorpara;1
entrecerrar;1
separarlas;1
encuentras;1
tablero;1
obligar;1
comedor;1
internado;1
difunto;1
jodida;1
benevolente;1
resplandecientes;1
comprenda;1
igualmente;1
disparando;1
ocultando;1
vengando;1
inyectes;1
enérgicamente;1
salchichón;1
rebuscando;1
enteras;1
acostumbrando;1
parad;1
actividades;1
autocar;1
esporádicamente;1
puedas;1
educarlo;1
esperanzas;1
directas;1
desactivarían;1
polvorientas;1
emparejamiento;1
fabricar;1
prostíbulos;1
mecanismo;1
aflorar;1
esfumarán;1
perdidosel;1
refugiándose;1
descontrol;1
cliqueo;1
diosa;1
tambaleara;1
practicar;1
mantas;1
diciendoextraños;1
goteaba;1
atragantarse;1
reptar;1
adiestrados;1
cólera;1
diríjase;1
madden;1
movieran;1
enseguida;1
acomodó;1
parpadeo;1
transformarse;1
rebosante;1
manuel;1
fils;1
funcionará;1
hablarme;1
protegerla;1
acaricio;1
fila;1
filo;1
expandiría;1
ciertoesperanza;1
deliciosos;1
principito;1
metidos;1
jardinero;1
crío;1
hundiera;1
activé;1
sacudiendo;1
llamadas;1
incumbirte;1
comprendía;1
cómoda;1
servírselo;1
moneda;1
mazmorra;1
describir;1
grácilmente;1
abrigos;1
alabar;1
pensara;1
técnicamente;1
fiambre;1
traen;1
fotografías;1
reponérsela;1
secuestrado;1
traes;1
traer;1
pegadas;1
ofendido;1
insignificante;1
maravillosos;1
avivarla;1
advertencias;1
despertarlo;1
raíz;1
mínimas;1
agarrándole;1
mandaba;1
desaparecía;1
añicos;1
cosquilleo;1
hará;1
artrosis;1
aterradas;1
baratijas;1
curiosos;1
caminaron;1
escribí;1
salvara;1
carcajearse;1
calabozos;1
deberes;1
torre;1
finalizaba;1
veras;1
punzada;1
fecamp;1
protuberante;1
sincera;1
particular;1
encontrárselo;1
des;1
acariciarle;1
sacas;1
salvarle;1
otear;1
sostenerla;1
terraza;1
rendirte;1
hoyos;1
plena;1
preparadas;1
medievales;1
sábado;1
tinieblas;1
promesa;1
seca;1
desacuerdos;1
aceptarías;1
marchó;1
apresando;1
esquivarnos;1
encargaba;1
cepillarse;1
achacaba;1
acurrucarse;1
controlador;1
lata;1
incondicional;1
impar;1
dad;1
sacadme;1
sacudidas;1
empiece;1
visitas;1
visitar;1
absurdas;1
carnicería;1
colgando;1
empujando;1
asió;1
lleváoslo;1
devolver;1
adecuado;1
mocos;1
cobrara;1
toquecito;1
esbozar;1
etnias;1
hendiduras;1
fauces;1
piloto;1
soleado;1
ataviado;1
escenario;1
confusión;1
bordeaban;1
tablón;1
turístico;1
respetos;1
limpiaran;1
tendía;1
moribundos;1
repitieron;1
atormentador;1
aflojó;1
hambriento;1
paro;1
palmotear;1
escucharse;1
deshecho;1
guiñando;1
relacionaba;1
ayudarías;1
aumentaba;1
cambios;1
cambiará;1
aterradores;1
celoshoy;1
trabajos;1
utopía;1
ruego;1
redes;1
piensas;1
llevarlos;1
tíos;1
sólido;1
took;1
cicatrizarse;1
natalieyport;1
reproducir;1
decencia;1
sepárate;1
sector;1
destruirán;1
señalándolo;1
reponiéndose;1
embarazada;1
femenino;1
idiota;1
buscáis;1
alcanza;1
encantadoras;1
salud;1
sacarlas;1
elegidas;1
agradezco;1
remango;1
empeorara;1
haberles;1
partiéndolo;1
iros;1
encolerizados;1
demostrarle;1
tender;1
dirigen;1
envenenado;1
fruta;1
toledo;1
horrores;1
prepararan;1
gigantón;1
llevaremos;1
ennegrecían;1
comprensión;1
pissed;1
proponerte;1
distinguirías;1
expulsaremos;1
caminaba;1
aprenderás;1
atún;1
metálico;1
apuesto;1
degustaban;1
conaissezvous;1
comportado;1
aburridas;1
amnesia;1
demasiada;1
extendidas;1
diablillo;1
invitación;1
regla;1
tareas;1
recóndita;1
desorbitado;1
adoptivo;1
entrever;1
esforzándose;1
busco;1
espléndido;1
cascabel;1
mirándonos;1
demostradles;1
sensualmente;1
preguntándome;1
observabas;1
obedeció;1
centellear;1
latiendo;1
entra;1
apartándose;1
adentra;1
barcazas;1
huye;1
mística;1
porqué;1
duración;1
despellejado;1
preguntarse;1
levantarme;1
incrustada;1
castaño;1
amenazador;1
golpeaba;1
trastabillándose;1
graznidos;1
produciendo;1
llévate;1
entretenido;1
hedores;1
pasándose;1
lograba;1
contagiosamente;1
aceleraba;1
per;1
evaluación;1
contacto;1
invade;1
tartamudeó;1
ubicada;1
haciéndolo;1
haciéndola;1
embarcaciones;1
justa;1
aliviar;1
béisbol;1
desbaratar;1
brilló;1
canción;1
topado;1
enfermera;1
confesaré;1
brotaba;1
escudriñándose;1
enredo;1
juliaÉsta;1
disputaban;1
serie;1
limpieza;1
vaivén;1
bienes;1
cometiste;1
chocolatinas;1
obvia;1
trajimos;1
háblame;1
verdosa;1
Étretat;1
enfrentes;1
refrigerado;1
cacerolas;1
evaporaban;1
recorre;1
recorra;1
previó;1
encargarían;1
hables;1
regresó;1
ayudándole;1
curarla;1
graves;1
ápice;1
acompañando;1
masculino;1
tranquilizándose;1
controlaste;1
intensificaron;1
transformaron;1
quedarte;1
envolverle;1
cegadora;1
nubarrón;1
separarse;1
visitantes;1
compartirlos;1
grabadas;1
comenzarían;1
erguir;1
encerraros;1
encerraron;1
conducirla;1
amago;1
lavadas;1
observándoles;1
salís;1
arrepentiría;1
lepra;1
cómicos;1
tenue;1
extremo;1
extrema;1
nauseabundo;1
arreglaron;1
apagando;1
déjelo;1
casara;1
señalizarle;1
fracaso;1
hacerla;1
presidente;1
últimas;1
crujió;1
ansia;1
nubarrones;1
contrastaban;1
pagada;1
puramente;1
tráquea;1
crecieron;1
paranoicas;1
consistirá;1
acogería;1
vastedad;1
abrazadas;1
socarrona;1
añorar;1
preocupa;1
practicad;1
bajara;1
vengáis;1
restaurantes;1
fray;1
punzantes;1
representaban;1
ocurriera;1
torneoprimera;1
unido;1
dragón;1
básicas;1
enterarte;1
abrirlo;1
tronco;1
meter;1
enseñándote;1
búscalos;1
habitáculos;1
tocara;1
hueso;1
odiada;1
odiado;1
rebuscar;1
fiesta;1
puente;1
planearlo;1
desmoralizado;1
interiorizado;1
recuerde;1
urbes;1
internarse;1
pecadores;1
desconchadas;1
lumbres;1
invadiendo;1
decirles;1
lectura;1
pastelito;1
careta;1
corrigió;1
sorpresas;1
desprendían;1
embotada;1
comidas;1
esculpido;1
tenazas;1
invernal;1
refunfuñó;1
vistieron;1
saco;1
bromear;1
molestaba;1
alejando;1
dichosa;1
desconectar;1
saciados;1
sabido;1
agitación;1
demoníaco;1
propuesta;1
oponente;1
refugiarse;1
sucios;1
auberge;1
esquivarlas;1
prestarle;1
pintalabios;1
sostenido;1
conseguirás;1
fundiéndose;1
veros;1
elevados;1
insultos;1
kitt;1
inmovilizados;1
velociraptor;1
apetito;1
ropas;1
rondó;1
robado;1
enviados;1
inmenso;1
cicatrices;1
embobados;1
barcas;1
dejaban;1
tendré;1
fusionaron;1
vuelco;1
conseguí;1
conlicencia;1
agachándose;1
resultante;1
pócima;1
confort;1
dudó;1
suelta;1
reunido;1
murieron;1
desestresarte;1
comunicándose;1
olisqueando;1
aprende;1
sácanos;1
introducirse;1
cruzando;1
columnas;1
elegía;1
colándose;1
capucha;1
cortos;1
contagiosas;1
incumbencia;1
papilas;1
encaminara;1
resplandecían;1
creáis;1
velozmente;1
decretara;1
briznas;1
completaban;1
deformada;1
echaremos;1
abejas;1
extremidad;1
benditas;1
paredes;1
gratificador;1
cándida;1
recogerte;1
burgos;1
robarle;1
afiladas;1
lake;1
afortunado;1
adn;1
viajaría;1
epidemia;1
estribos;1
cicatriz;1
resolver;1
entrará;1
congelación;1
arropando;1
enterara;1
despertaré;1
huérfano;1
armani;1
comenzaré;1
solitario;1
reglas;1
metálicos;1
est;1
golpearse;1
asustaron;1
quitándote;1
hundió;1
entretuviera;1
tranquilice;1
conllevaba;1
panel;1
desarmarlo;1
acuerdas;1
protegidos;1
vocabulario;1
despeja;1
latín;1
tirándose;1
been;1
ascenderéis;1
termine;1
arroparlas;1
doradas;1
cadera;1
oyendo;1
echarte;1
arderle;1
herencia;1
bonachón;1
mortífero;1
but;1
brillaron;1
lechuga;1
borrosa;1
edredón;1
asequibles;1
paraguas;1
fundían;1
pis;1
encorvada;1
investigar;1
jurarían;1
claros;1
tráelo;1
millones;1
enviándose;1
accidente;1
interponía;1
parara;1
domesticar;1
excepción;1
sintiera;1
inseguro;1
articulación;1
pasará;1
galopaba;1
participado;1
ampliando;1
mareos;1
probaremos;1
estrechar;1
conmocionada;1
retroceder;1
perdidamente;1
insultarnos;1
desbarataban;1
pedirte;1
repentino;1
rosales;1
repentina;1
precedía;1
bienvenido;1
vitorearon;1
ingenua;1
mirarte;1
corrompiera;1
moribundas;1
agujetas;1
enfrentar;1
conduce;1
decepción;1
revoloteando;1
arpía;1
lárgate;1
chiapas;1
graciosas;1
largarse;1
examinó;1
precio;1
desenvolvió;1
embestidas;1
pulcro;1
levemente;1
hablas;1
intranquila;1
respectivos;1
displicente;1
perdían;1
incrustaron;1
peldaño;1
ignorancia;1
ganara;1
derramaron;1
pacientemente;1
destacable;1
saben;1
fastidió;1
buzón;1
déjalo;1
toparon;1
my;1
consigue;1
arrancar;1
idénticas;1
habitado;1
arrancan;1
conservaba;1
calva;1
cargando;1
besándose;1
nociones;1
gato;1
extrañadas;1
asqueroso;1
pingüino;1
queridísimo;1
adquirido;1
enviar;1
echa;1
literaria;1
sobrante;1
cobijarla;1
tuvimos;1
abrirlas;1
nocturna;1
descubrirán;1
sudando;1
suena;1
aflorando;1
estuviese;1
lavadora;1
lenta;1
enamorada;1
aroma;1
enamorado;1
hacernos;1
pijama;1
comprarle;1
desplazó;1
insensibilidad;1
gustara;1
temblorosa;1
estableciendo;1
proyectil;1
aguantaréis;1
veloces;1
indicaba;1
apaciguadora;1
papada;1
atacara;1
exhalara;1
optó;1
actuales;1
prestes;1
recordaría;1
devastador;1
enloqueció;1
aparcó;1
deambulando;1
pidiéndole;1
cemento;1
gustando;1
bebiendo;1
temiera;1
sucedían;1
ardiera;1
calcinados;1
encontrarla;1
asomar;1
cierres;1
empujándolo;1
injusticias;1
empuñaba;1
dimos;1
maristas;1
disparan;1
prostituta;1
desenrosco;1
cómodamente;1
pidas;1
agolpaban;1
ayudaría;1
detenerla;1
sexualidad;1
sorbo;1
arrojando;1
afinó;1
rompiendo;1
atended;1
íntimas;1
placentera;1
avinagrado;1
fluir;1
preferidas;1
horrorizadas;1
lleves;1
respirara;1
benévolos;1
dependiendo;1
asimilar;1
engañaron;1
paisajes;1
felino;1
romperse;1
aplaudían;1
descanse;1
repetitivas;1
compartir;1
agigantado;1
esferas;1
cinta;1
fault;1
contemplado;1
patraña;1
alegró;1
saltaban;1
fósforo;1
rozaba;1
mencionados;1
avaricia;1
levantaban;1
oriné;1
destruiste;1
egocéntricos;1
padecía;1
blancos;1
descorchó;1
reducir;1
sobacos;1
acompañada;1
reaccionaron;1
frutas;1
paraste;1
autobuses;1
contÉstame;1
descifrar;1
felinos;1
metieron;1
dolorosa;1
cruzándose;1
perdonara;1
repiqueteo;1
cambiarte;1
destrozó;1
tosía;1
alarma;1
alegrará;1
caluroso;1
impartían;1
palais;1
complejo;1
afectará;1
emborronada;1
miré;1
corrompía;1
banda;1
perfecta;1
rumor;1
reflejados;1
recuperó;1
hunt;1
defendió;1
turbados;1
golpeándome;1
vergonzosamente;1
crearé;1
escape;1
sobresalte;1
visitado;1
fútbol;1
exhausto;1
cesaron;1
reproductor;1
suela;1
rosal;1
naranja;1
desquiciado;1
repudiaba;1
madurez;1
sepa;1
obsceno;1
objetivo;1
desmaya;1
arremetía;1
ahogarse;1
pague;1
incendié;1
indicado;1
solar;1
tuviste;1
ángeles;1
acrobáticas;1
taaarde;1
francamente;1
penal;1
cereales;1
magnifica;1
hundido;1
distorsionadamente;1
panal;1
cometer;1
pÉrez;1
expandieron;1
escribió;1
siente;1
amistades;1
patatús;1
ornamentada;1
trágica;1
vejez;1
fuiste;1
seguirás;1
convertimos;1
vestida;1
suplicando;1
teléfono;1
imberbe;1
matara;1
éramos;1
cinturón;1
conocería;1
sangrar;1
ocupadas;1
saltan;1
individualmente;1
desintegrarse;1
novato;1
suele;1
prosigo;1
pedían;1
convocó;1
decadencia;1
preparáis;1
ancianos;1
equiparable;1
reiteraré;1
elegancia;1
saludaron;1
rindes;1
pegajoso;1
reflejó;1
sensaciones;1
castigaba;1
construían;1
darán;1
encajó;1
valla;1
ferry;1
denegó;1
sumergida;1
recordarnos;1
desierta;1
cocinar;1
repetidor;1
rubia;1
sentenciada;1
determinada;1
alcantarillado;1
olvidaría;1
preocupada;1
deshacen;1
aviones;1
derramado;1
acompañaba;1
forastero;1
insufribles;1
demasiaaado;1
enamorarse;1
eché;1
previas;1
hablaré;1
concentraban;1
sonriéndole;1
enfermaron;1
arropaban;1
estuche;1
presentaré;1
estirado;1
apagándose;1
tazas;1
contaminado;1
tramando;1
formó;1
semifinal;1
oviedo;1
predicción;1
mentirosos;1
cachivaches;1
costar;1
tranquiliza;1
vestimenta;1
guste;1
respondiera;1
consolación;1
place;1
tomaremos;1
motel;1
despre;1
amenaza;1
nacimiento;1
búscalo;1
copa;1
auditiva;1
apellido;1
vendrás;1
grueso;1
destinos;1
gobernaba;1
revuelto;1
suyos;1
ana;1
birria;1
frota;1
nombrada;1
tecnologías;1
helada;1
ganaré;1
llamativo;1
entregó;1
delataban;1
funerales;1
convento;1
tornado;1
comenzarás;1
acompañándola;1
grises;1
sonrientes;1
later;1
inmensas;1
prestar;1
consideres;1
aferrarnos;1
desconcentración;1
revisores;1
benedictine;1
reclutarte;1
llevaré;1
deseo;1
penas;1
toca;1
aspiraba;1
masas;1
engañarte;1
entenderlo;1
empezaba;1
hoyo;1
gustará;1
tocarlo;1
enrabietada;1
terminaron;1
ofreciéndole;1
octubre;1
presencias;1
escuchamos;1
ingeniado;1
adultas;1
vestidos;1
líquenes;1
caracteres;1
entrenarlo;1
descansará;1
buscamos;1
notoriamente;1
mapas;1
requieren;1
reconocerme;1
mudado;1
detener;1
acabad;1
criado;1
despedido;1
desesperación;1
mimado;1
convivido;1
we’ll;1
conozca;1
asuntos;1
voluntario;1
tatuado;1
aplaudió;1
magnífico;1
magnífica;1
vocales;1
entrega;1
desviara;1
intacto;1
mejicana;1
usarla;1
mejicano;1
aseada;1
colocárselas;1
patita;1
magníficas;1
iluminar;1
aumentó;1
volviéndose;1
balanceaba;1
entreveía;1
leyó;1
cargador;1
desconocían;1
repentinamente;1
dadavid;1
tranquilos;1
giraban;1
recostados;1
catarro;1
prepárate;1
obtuvieron;1
dispersarse;1
salvaste;1
humildes;1
nací;1
definición;1
férreamente;1
perseguidos;1
contraído;1
benévolo;1
cortaban;1
asustarse;1
crueles;1
destruirnos;1
lanzaría;1
dicen;1
extinción;1
acariciándolas;1
mojarse;1
apoyaban;1
reinar;1
culata;1
cerraban;1
sobrevivirías;1
alojarse;1
renunciaban;1
destacaba;1
narrador;1
fatigados;1
llevarse;1
aterrorizó;1
relajarte;1
línea;1
violación;1
aprendas;1
crecía;1
palpar;1
neceser;1
agrietados;1
componían;1
pupitres;1
felix;1
desataría;1
acallar;1
alejarlo;1
quitar;1
remediarlo;1
bostezó;1
horrorizó;1
participante;1
extraído;1
enfrentaban;1
potente;1
ensangrentada;1
recuperarse;1
separar;1
deprimente;1
calada;1
disfrutaba;1
pene	;1
bajada;1
azabache;1
equivocan;1
electrónico;1
proporcionáis;1
sont;1
ablandara;1
dormía;1
oís;1
tomaras;1
matadlo;1
obligó;1
calentándose;1
adornaban;1
clamó;1
ideada;1
tirita;1
calaña;1
preparación;1
historiapartida;1
maría;1
horrorizada;1
sollozando;1
fulminado;1
lienzo;1
evitad;1
preguntárselo;1
recogerla;1
incrementa;1
testigo;1
elevado;1
derribar;1
propinarle;1
peguntó;1
agradables;1
dieran;1
trabaja;1
incontrolables;1
dejarás;1
azulada;1
azulado;1
condiciones;1
flan;1
transformaría;1
salvador;1
pasáis;1
dijiste;1
resoplaba;1
ánimos;1
llevarían;1
desconcertado;1
atrapé;1
relatar;1
pone;1
curarte;1
algodón;1
renuncia;1
reventar;1
cuestiono;1
enmudezco;1
calvario;1
infecte;1
cambiaron;1
d’yport;1
afonía;1
encogerse;1
culto;1
seguirán;1
tomarse;1
viajé;1
crecen;1
daría;1
creces;1
castillo;1
bénédictine;1
somebody;1
cariñosa;1
aclarar;1
contemplé;1
hogareño;1
encontrándose;1
introducían;1
viajando;1
contéstale;1
quiÉn;1
entorno;1
significa;1
salvajada;1
engendro;1
barcos;1
echaría;1
afortunados;1
convertirá;1
muéstramela;1
calmara;1
pegaba;1
realizara;1
corromper;1
transcurría;1
chasqueando;1
descuidada;1
racionando;1
gruñó;1
contáis;1
casetas;1
tuvieran;1
mirlodescontrol;1
corporal;1
presentó;1
mostraremos;1
ayudada;1
vitrina;1
estropeen;1
sorprenderme;1
ágil;1
presenté;1
acompañar;1
alegrarse;1
acogido;1
rasgada;1
preciosidad;1
dirigido;1
relieves;1
cientos;1
tobillo;1
dificultosamente;1
puentes;1
cansinamente;1
néctar;1
barrían;1
descendido;1
llevarme;1
respetó;1
llevarnos;1
grupales;1
tontería;1
nothing;1
expandió;1
encargado;1
adentrarnos;1
organizaciones;1
cesado;1
erradicando;1
cristalina;1
pasearse;1
vuelahoy;1
dejándole;1
superas;1
indicaron;1
coloreado;1
duraban;1
encarándose;1
totalidad;1
aproveché;1
provincia;1
disculparte;1
lavaba;1
tensión;1
aprovechó;1
tratase;1
transportado;1
aficionado;1
encontraréis;1
whistle;1
pisó;1
caminata;1
atisbos;1
sanar;1
jaguares;1
angustiados;1
art;1
educación;1
esmeralda;1
defensa;1
lavarse;1
dibujaba;1
temblaban;1
tragara;1
inclinó;1
visitó;1
pirotécnico;1
volando;1
cortar;1
pasadas;1
dudes;1
salimos;1
despiertos;1
evitarlas;1
cansando;1
turnos;1
consideraban;1
aficiones;1
sufrir;1
fulgentes;1
dormitaba;1
explotó;1
abierto;1
imposibles;1
pasmada;1
cuida;1
antiséptico;1
investigaciones;1
ducharme;1
preocupaban;1
listos;1
maquillada;1
aprecian;1
corríais;1
superaría;1
respondieron;1
surco;1
robaré;1
tortuga;1
hago;1
acabes;1
avistar;1
secando;1
capacidades;1
quema;1
acabase;1
supervivientes;1
pasiva;1
enseñando;1
cundo;1
ciencias;1
lentes;1
doté;1
elevaban;1
inhumanas;1
olvidarse;1
calmados;1
ayudaaa;1
pasárselo;1
fragmento;1
estrechos;1
sirvieron;1
agrandaba;1
queremos;1
asombrosa;1
cobardes;1
mitología;1
Único;1
avisar;1
ayudaron;1
adiestramiento;1
impermeable;1
agolpado;1
rango;1
hidrógeno;1
ayudaros;1
forzado;1
introduciéndose;1
chiste;1
rubor;1
lleguéis;1
salgamos;1
produjera;1
brun;1
ojeras;1
escabulléndose;1
chaqueó;1
reflejos;1
temperaturas;1
calmó;1
llenaran;1
verdaderos;1
haberla;1
consiguieron;1
conservación;1
plazca;1
cruzaría;1
meñique;1
terrenal;1
explicarle;1
sabanas;1
respaldo;1
desmayarme;1
traerlo;1
cargas;1
avergonzó;1
únicos;1
prometedor;1
empresas;1
terroríficas;1
pinchado;1
arreglaran;1
estiro;1
rugosa;1
acostar;1
seguiré;1
postura;1
seguirá;1
empeoraba;1
descubrirse;1
esposaron;1
maravillado;1
enton;1
vapores;1
murmuré;1
creernos;1
freírle;1
escondite;1
agarradas;1
prevención;1
separarían;1
usan;1
robó;1
capital;1
arreglada;1
rabillo;1
sigues;1
aposté;1
inexistente;1
sexo;1
camareros;1
hollesleyhoy;1
ciegas;1
cerrojo;1
cámara;1
pincho;1
alejadas;1
describió;1
dejad;1
trizas;1
fiereza;1
decorados;1
soltaron;1
indicaciones;1
entretenían;1
tomarlo;1
serias;1
cierro;1
gestando;1
cierra;1
tentaciones;1
descendieran;1
suceder;1
veintisiete;1
ríe;1
interrumpiendo;1
rezos;1
removerse;1
contrabando;1
nubes;1
resurge;1
resonaron;1
alucinado;1
mentiroso;1
alquilar;1
entrecerró;1
jadearon;1
talón;1
doquier;1
villas;1
sûr;1
avances;1
transparentes;1
pedírmela;1
recomendó;1
guiñado;1
rezando;1
emitían;1
observador;1
seguiréis;1
perdonarlo;1
colgó;1
condicional;1
dispuesta;1
cándido;1
escuela;1
ejemplares;1
llamé;1
necesitas;1
creían;1
triplicado;1
arriesgarme;1
sílaba;1
estaciones;1
ocupados;1
probabilidades;1
hábitat;1
crítico;1
caldeado;1
matarla;1
dibujara;1
derramando;1
méxico;1
sorprendida;1
respondía;1
ganadora;1
civiles;1
creció;1
destruirte;1
fascinante;1
matarlo;1
relataba;1
explicárselo;1
aislado;1
pelaje;1
redondo;1
manzana;1
logrando;1
fusionándose;1
incapaces;1
entreabierta;1
relaciones;1
dotado;1
pelota;1
pronunciarlas;1
contenedor;1
podrido;1
zarandearse;1
violeta;1
huesudo;1
proseguir;1
erizaron;1
adornos;1
incorporación;1
convulsiones;1
proporcionaros;1
lamer;1
fiel;1
pesadas;1
hundían;1
errores;1
feas;1
alegrarían;1
respetado;1
acompañes;1
firmado;1
cuestionarse;1
sustancia;1
bronce;1
meterse;1
colgársela;1
vigilancia;1
enfadado;1
manipulando;1
desobedeciera;1
protagonistas;1
apartarse;1
encrespado;1
unió;1
mexicano;1
usemos;1
removían;1
construirla;1
poseerlo;1
arrepintió;1
lanzarlo;1
apresar;1
borrara;1
agotado;1
tormenta;1
diversión;1
deshacerse;1
soportando;1
pertenezca;1
violáceo;1
prohibirle;1
estrellada;1
protegería;1
adiestrar;1
cogerlo;1
vagaron;1
intentabas;1
añadiendo;1
apuntando;1
ostentoso;1
económica;1
estuvimos;1
inmovilizarlo;1
alegraros;1
vulgarmente;1
encargados;1
acudir;1
bajaba;1
tambaleaba;1
tacones;1
sociales;1
descendían;1
cavidad;1
combatiendo;1
veinticuatro;1
provocados;1
aparecían;1
imprevisto;1
dificultad;1
buscaba;1
siéntate;1
alimentarnos;1
veneraban;1
aparcar;1
delimitaban;1
resultar;1
subamos;1
siglos;1
hayas;1
rebañando;1
embriagándose;1
horario;1
dirigiera;1
detenimiento;1
leal;1
poeta;1
superhéoe;1
pasto;1
confesáis;1
empañadas;1
finalizara;1
proveer;1
huelen;1
armonía;1
veinticinco;1
tardaron;1
adversarios;1
resonar;1
mejoró;1
moveros;1
entendería;1
excitadas;1
descosidas;1
insultaros;1
retrete;1
insultaron;1
tocaron;1
hipnotizados;1
prendió;1
espumosas;1
mareas;1
expulsar;1
resurgir;1
atacando;1
cabida;1
riquísimos;1
pesquero;1
prÓlogo;1
comparación;1
vence;1
torpes;1
pasearlo;1
dobló;1
demuestran;1
